onset	duration	eye	startTime	stopTime	xAvg	yAvg	pupilAvg
0.01	0.406	R	3918426	3918830	993.4	424.2	1667
0.01	4.534	L	3918426	3922958	930.1	502.2	1521
4.562	2.488	L	3922978	3925464	921.6	493.9	1701
0.434	6.618	R	3918850	3925466	978.2	509.5	1519
7.07	0.518	L	3925486	3926002	895.4	471.7	1686
7.07	0.518	R	3925486	3926002	939.0	481.0	1639
7.736	0.086	R	3926152	3926236	921.4	474.9	1474
7.84	0.736	R	3926256	3926990	906.6	520.3	1520
7.736	0.842	L	3926152	3926992	855.3	515.2	1543
8.6	1.194	L	3927016	3928208	928.1	505.1	1635
8.6	1.21	R	3927016	3928224	993.2	518.0	1604
9.864	0.032	R	3928280	3928310	1321.2	1254.5	557
10.004	0.514	L	3928420	3928932	951.6	497.6	1660
9.964	0.564	R	3928380	3928942	1008.5	508.0	1638
10.79	0.27	L	3929206	3929474	1275.0	449.2	1588
10.764	0.296	R	3929180	3929474	1313.2	439.2	1482
11.082	0.828	L	3929498	3930324	1238.8	523.5	1456
11.082	0.828	R	3929498	3930324	1284.6	497.4	1416
12.058	0.032	L	3930474	3930504	1246.7	508.2	1449
12.058	0.034	R	3930474	3930506	1307.2	502.1	1444
12.126	0.228	L	3930542	3930768	978.1	526.3	1471
12.128	0.228	R	3930544	3930770	1024.0	522.6	1495
12.38	0.648	L	3930796	3931442	855.5	503.5	1551
12.38	0.648	R	3930796	3931442	912.8	524.3	1586
13.052	2.462	L	3931468	3933928	943.4	495.8	1665
13.05	2.466	R	3931466	3933930	994.8	508.8	1644
15.534	1.888	L	3933950	3935836	946.1	486.0	1720
15.532	1.902	R	3933948	3935848	997.0	498.0	1668
17.564	1.91	L	3935980	3937888	952.4	513.2	1612
17.502	1.972	R	3935918	3937888	1008.6	505.1	1585
19.512	0.722	L	3937928	3938648	625.7	533.0	1665
19.512	0.722	R	3937928	3938648	678.6	538.2	1648
20.382	0.048	L	3938798	3938844	637.1	541.3	1572
20.382	0.048	R	3938798	3938844	678.4	547.7	1581
20.462	0.622	L	3938878	3939498	875.2	515.8	1610
20.462	0.622	R	3938878	3939498	928.3	517.6	1604
21.108	2.96	L	3939524	3942482	947.4	486.0	1666
21.108	2.962	R	3939524	3942484	999.0	500.7	1657
24.1	0.196	L	3942516	3942710	731.4	553.7	1641
24.1	0.198	R	3942516	3942712	770.4	527.9	1720
24.354	0.202	L	3942770	3942970	183.9	617.3	1663
24.342	0.214	R	3942758	3942970	201.1	587.5	1731
24.67	0.196	L	3943086	3943280	172.4	598.8	1712
24.67	0.196	R	3943086	3943280	204.6	578.9	1710
24.918	0.36	R	3943334	3943692	930.3	506.2	1691
24.92	0.36	L	3943336	3943694	864.0	481.2	1783
25.304	0.818	L	3943720	3944536	960.1	483.8	1737
25.304	2.932	R	3943720	3946650	996.5	489.7	1613
26.138	2.1	L	3944554	3946652	949.6	481.1	1607
28.278	0.124	L	3946694	3946816	1325.9	502.2	1612
28.276	0.126	R	3946692	3946816	1385.3	507.4	1569
28.42	0.406	L	3946836	3947240	1272.8	484.9	1560
28.42	0.406	R	3946836	3947240	1314.3	486.0	1529
28.974	0.274	L	3947390	3947662	1273.4	484.3	1404
28.974	0.276	R	3947390	3947664	1302.1	488.4	1430
29.288	0.172	L	3947704	3947874	948.1	485.1	1433
29.29	0.172	R	3947706	3947876	981.5	509.8	1516
29.478	2.97	L	3947894	3950862	930.0	471.7	1628
29.478	2.972	R	3947894	3950864	980.7	502.9	1629
32.506	0.114	R	3950922	3951034	269.0	563.8	1723
32.504	0.118	L	3950920	3951036	244.6	589.1	1686
32.642	0.506	L	3951058	3951562	307.2	521.4	1647
32.642	0.506	R	3951058	3951562	333.9	538.4	1655
33.262	0.098	R	3951678	3951774	325.9	526.1	1524
33.262	0.1	L	3951678	3951776	316.0	502.1	1562
33.412	0.846	R	3951828	3952672	910.3	514.1	1497
34.276	6.556	R	3952692	3959246	993.4	490.1	1672
33.414	7.42	L	3951830	3959248	930.3	472.2	1681
40.896	0.576	L	3959312	3959886	1746.7	501.4	1568
40.896	0.576	R	3959312	3959886	1821.1	495.2	1535
41.62	0.524	L	3960036	3960558	1745.9	472.3	1328
41.62	0.526	R	3960036	3960560	1773.2	449.9	1424
42.172	0.186	L	3960588	3960772	1579.1	446.3	1453
42.172	0.188	R	3960588	3960774	1613.4	438.7	1563
42.408	6.7	L	3960824	3967522	945.9	470.5	1705
42.41	6.7	R	3960826	3967524	996.4	492.3	1677
49.196	0.6	L	3967612	3968210	121.2	457.2	1751
49.198	0.598	R	3967614	3968210	122.4	458.4	1720
49.944	0.252	L	3968360	3968610	115.0	435.9	1552
49.944	0.252	R	3968360	3968610	115.0	433.7	1414
50.256	1.472	L	3968672	3970142	923.6	489.8	1518
50.254	1.498	R	3968670	3970166	970.3	520.1	1437
51.89	1.708	R	3970306	3972012	977.9	509.5	1559
51.932	1.668	L	3970348	3972014	940.0	487.8	1566
53.664	0.454	L	3972080	3972532	1779.8	503.1	1573
53.664	0.454	R	3972080	3972532	1843.4	520.8	1505
54.248	0.1	L	3972664	3972762	1780.7	495.1	1320
54.248	0.102	R	3972664	3972764	1800.5	488.4	1336
54.406	7.164	L	3972822	3979984	936.4	487.4	1573
54.408	7.164	R	3972824	3979986	980.9	509.9	1588
61.628	0.798	L	3980044	3980840	313.9	547.3	1440
61.628	0.798	R	3980044	3980840	350.1	542.6	1467
62.574	0.118	L	3980990	3981106	310.4	524.0	1382
62.574	0.124	R	3980990	3981112	341.7	548.5	1360
62.796	3.062	L	3981212	3984272	936.1	488.5	1581
62.754	3.106	R	3981170	3984274	979.1	514.3	1547
65.9	0.796	L	3984316	3985110	609.0	504.4	1609
65.9	0.796	R	3984316	3985110	657.8	524.9	1578
66.844	0.306	L	3985260	3985564	620.8	495.8	1527
66.844	0.328	R	3985260	3985586	666.0	523.7	1556
67.216	2.306	L	3985632	3987936	926.2	482.9	1549
69.538	0.456	L	3987954	3988408	925.6	466.0	1628
67.218	2.786	R	3985634	3988418	980.8	503.2	1567
70.232	1.592	L	3988648	3990238	935.3	502.0	1441
70.174	4.044	R	3988590	3992632	975.6	529.0	1502
71.84	2.38	L	3990256	3992634	924.9	488.4	1521
74.26	0.762	L	3992676	3993436	1233.8	483.5	1487
74.26	0.762	R	3992676	3993436	1296.3	518.3	1514
75.172	0.714	L	3993588	3994300	1242.2	472.0	1328
75.172	0.716	R	3993588	3994302	1286.1	522.2	1459
75.932	0.262	R	3994348	3994608	902.0	519.9	1638
75.932	0.264	L	3994348	3994610	855.7	479.8	1516
76.218	6.318	L	3994634	4000950	925.3	477.3	1683
76.218	6.32	R	3994634	4000952	995.5	523.2	1688
82.572	0.102	L	4000988	4001088	663.3	498.8	1712
82.574	0.1	R	4000990	4001088	735.6	508.0	1767
82.724	0.622	L	4001140	4001760	53.3	649.5	1622
82.726	0.62	R	4001142	4001760	56.1	619.5	1670
83.46	0.222	R	4001876	4002096	68.3	637.0	1377
83.46	0.224	L	4001876	4002098	62.9	646.8	1415
83.746	0.188	L	4002162	4002348	860.2	523.3	1507
84.128	0.338	L	4002544	4002880	947.8	551.2	1462
83.744	0.738	R	4002160	4002896	969.5	560.2	1474
84.734	0.548	L	4003150	4003696	930.6	516.2	1420
84.686	0.61	R	4003102	4003710	970.3	502.8	1468
85.574	5.442	R	4003990	4009430	990.3	506.8	1553
85.6	5.418	L	4004016	4009432	939.1	488.5	1554
91.074	0.23	R	4009490	4009718	1678.5	460.8	1569
91.076	0.232	L	4009492	4009722	1602.6	460.7	1622
91.336	0.336	L	4009752	4010086	1776.2	459.2	1378
91.334	0.338	R	4009750	4010086	1845.3	436.0	1364
91.822	1.112	L	4010238	4011348	1755.4	447.4	979
91.822	1.112	R	4010238	4011348	1798.1	438.4	1109
92.992	0.124	L	4011408	4011530	972.7	500.0	1012
93.144	0.04	L	4011560	4011598	1019.3	643.8	893
93.202	0.168	L	4011618	4011784	970.1	530.8	1050
92.996	0.388	R	4011412	4011798	973.5	526.7	1234
93.674	0.178	L	4012090	4012266	1019.9	497.8	1184
93.646	0.208	R	4012062	4012268	1047.0	496.7	1393
93.876	1.51	L	4012292	4013800	950.5	510.2	1288
93.876	1.51	R	4012292	4013800	984.2	524.3	1416
95.452	0.542	L	4013868	4014408	118.1	785.7	1404
95.452	0.542	R	4013868	4014408	101.9	703.0	1568
96.124	0.132	R	4014540	4014670	105.2	710.1	1511
96.124	0.134	L	4014540	4014672	110.8	760.7	1459
96.312	0.244	L	4014728	4014970	792.9	557.3	1553
96.308	0.248	R	4014724	4014970	829.7	594.9	1550
96.584	0.316	R	4015000	4015314	998.1	545.1	1559
96.586	0.318	L	4015002	4015318	952.8	504.1	1525
96.924	0.294	L	4015340	4015632	1028.3	458.2	1470
96.924	0.296	R	4015340	4015634	1083.9	495.2	1556
97.242	2.314	R	4015658	4017970	984.3	508.2	1524
97.242	2.316	L	4015658	4017972	940.9	481.7	1474
99.624	0.344	R	4018040	4018382	1626.4	522.0	1432
99.626	0.688	L	4018042	4018728	1594.3	523.5	1332
99.986	0.328	R	4018402	4018728	1665.7	489.7	1324
126.438	2.858	L	4044854	4047710	956.8	506.3	1547
126.438	2.862	R	4044854	4047714	996.3	535.0	1519
129.366	0.608	L	4047782	4048388	177.7	550.6	1625
129.368	0.606	R	4047784	4048388	176.0	579.4	1625
130.088	0.776	L	4048504	4049278	111.5	543.0	1591
130.088	0.776	R	4048504	4049278	123.6	555.5	1473
130.918	0.21	L	4049334	4049542	824.6	521.7	1665
130.914	0.214	R	4049330	4049542	872.7	562.3	1508
131.154	1.876	L	4049570	4051444	960.0	497.2	1594
131.152	1.878	R	4049568	4051444	985.8	527.0	1542
133.09	0.654	L	4051506	4052158	211.5	588.0	1631
133.092	0.652	R	4051508	4052158	218.9	597.3	1626
133.892	0.498	L	4052308	4052804	209.2	595.6	1589
133.892	0.498	R	4052308	4052804	214.4	604.0	1533
134.466	0.096	L	4052882	4052976	887.6	532.4	1595
134.444	0.118	R	4052860	4052976	950.8	537.9	1537
134.584	6.176	L	4053000	4059174	950.5	495.9	1567
134.584	6.178	R	4053000	4059176	993.3	525.9	1556
140.814	0.622	L	4059230	4059850	335.5	524.7	1669
140.816	0.62	R	4059232	4059850	357.1	568.4	1624
141.584	0.5	L	4060000	4060498	328.6	530.4	1443
141.584	0.5	R	4060000	4060498	357.2	575.9	1347
142.132	2.22	R	4060548	4062766	993.6	546.3	1431
142.134	2.22	L	4060550	4062768	952.7	511.1	1450
144.404	0.16	R	4062820	4062978	1603.9	514.5	1521
144.406	0.162	L	4062822	4062982	1543.7	507.1	1584
144.584	0.538	L	4063000	4063536	1571.7	514.0	1429
144.584	0.538	R	4063000	4063536	1612.6	525.4	1424
145.27	0.482	L	4063686	4064166	1568.8	508.8	1287
145.27	0.484	R	4063686	4064168	1586.8	529.6	1363
145.802	6.268	L	4064218	4070484	952.7	499.4	1533
145.804	6.268	R	4064220	4070486	988.3	531.9	1561
152.128	0.684	L	4070544	4071226	276.4	565.8	1521
152.13	0.682	R	4070546	4071226	272.2	586.8	1558
152.962	0.558	R	4071378	4071934	271.8	602.7	1499
152.962	0.56	L	4071378	4071936	257.6	584.1	1497
153.572	0.362	R	4071988	4072348	951.4	563.9	1580
153.952	2.27	R	4072368	4074636	974.1	549.9	1332
153.574	2.65	L	4071990	4074638	956.0	524.7	1308
156.272	0.228	L	4074688	4074914	1535.4	503.4	1397
156.272	0.228	R	4074688	4074914	1588.0	513.1	1445
156.648	0.482	L	4075064	4075544	1572.6	513.5	1202
156.648	0.484	R	4075064	4075546	1597.3	524.8	1297
157.184	2.082	L	4075600	4077680	960.2	511.8	1250
157.186	2.08	R	4075602	4077680	970.7	539.6	1357
159.302	0.884	L	4077718	4078600	686.5	509.5	1404
159.302	0.884	R	4077718	4078600	697.0	546.3	1467
160.334	0.454	L	4078750	4079202	653.8	527.1	1391
160.334	0.454	R	4078750	4079202	660.6	560.9	1430
160.824	6.548	L	4079240	4085786	958.1	499.2	1366
160.822	6.552	R	4079238	4085788	974.9	527.5	1424
167.43	0.114	L	4085846	4085958	342.6	572.0	1531
167.432	0.112	R	4085848	4085958	334.1	576.1	1620
167.618	0.26	L	4086034	4086292	1497.3	503.7	1504
167.616	0.262	R	4086032	4086292	1541.4	506.7	1508
168.028	0.508	L	4086444	4086950	1514.0	510.0	1418
168.028	0.51	R	4086444	4086952	1527.6	504.5	1523
168.588	0.314	L	4087004	4087316	948.3	508.2	1538
168.59	0.322	R	4087006	4087326	960.8	542.1	1657
169.35	4.96	L	4087766	4092724	960.2	501.2	1442
174.326	0.43	L	4092742	4093170	979.7	502.6	1340
169.314	5.46	R	4087730	4093188	984.5	516.3	1506
174.85	0.718	L	4093266	4093982	1929.4	615.8	1216
174.85	0.718	R	4093266	4093982	1977.9	607.6	1322
175.72	0.676	L	4094136	4094810	1772.5	514.5	1183
175.722	0.676	R	4094138	4094812	1792.6	496.9	1383
176.458	0.704	L	4094874	4095576	972.5	514.2	1213
177.18	0.696	L	4095596	4096290	977.4	507.5	1191
177.892	4.556	L	4096308	4100862	949.4	493.5	1305
176.46	5.988	R	4094876	4100862	971.4	504.6	1400
182.528	0.22	R	4100944	4101162	-190.4	569.2	1539
182.53	0.22	L	4100946	4101164	-154.5	617.4	1384
182.786	0.36	L	4101202	4101560	165.4	565.6	1357
182.786	0.36	R	4101202	4101560	154.3	565.8	1397
183.166	0.094	L	4101582	4101674	94.9	562.2	1282
183.166	0.094	R	4101582	4101674	68.6	561.2	1292
183.408	0.05	L	4101824	4101872	97.2	554.8	1275
183.408	0.05	R	4101824	4101872	73.5	559.5	1313
183.476	0.882	L	4101892	4102772	48.3	548.6	1339
183.476	0.882	R	4101892	4102772	27.6	555.9	1399
184.416	5.756	L	4102832	4108586	948.0	506.8	1368
184.416	5.756	R	4102832	4108586	973.7	531.9	1440
190.228	0.722	L	4108644	4109364	1562.4	522.7	1274
190.228	0.722	R	4108644	4109364	1600.1	522.2	1328
191.098	0.598	L	4109514	4110110	1571.8	511.0	1043
191.098	0.6	R	4109514	4110112	1593.2	530.9	1227
191.752	2.22	R	4110168	4112386	980.2	522.0	1442
191.752	2.222	L	4110168	4112388	946.3	506.6	1326
194.02	0.308	R	4112436	4112742	1536.3	528.2	1448
194.022	0.308	L	4112438	4112744	1478.3	505.8	1370
194.362	0.276	L	4112778	4113052	1711.0	529.8	1287
194.362	0.276	R	4112778	4113052	1757.2	520.8	1399
194.788	0.744	L	4113204	4113946	1676.4	533.7	1211
194.788	0.744	R	4113204	4113946	1723.3	528.9	1376
195.618	0.118	L	4114034	4114150	1085.2	495.2	1341
195.616	0.122	R	4114032	4114152	1115.5	507.2	1528
195.762	1.096	L	4114178	4115272	948.0	498.7	1394
195.764	1.094	R	4114180	4115272	974.1	509.8	1522
196.874	4.738	R	4115290	4120026	980.2	516.8	1514
196.874	4.74	L	4115290	4120028	940.2	493.8	1454
201.666	0.336	L	4120082	4120416	1488.6	467.9	1458
201.664	0.338	R	4120080	4120416	1551.3	490.4	1451
202.04	0.288	L	4120456	4120742	1759.7	492.2	1211
202.038	0.29	R	4120454	4120742	1796.7	493.7	1279
202.442	0.676	L	4120858	4121532	1787.5	489.7	1068
202.442	0.678	R	4120858	4121534	1813.4	489.5	1230
203.184	2.214	R	4121600	4123812	963.9	506.4	1450
203.18	2.22	L	4121596	4123814	951.2	492.8	1341
205.468	0.414	L	4123884	4124296	1847.7	564.3	1313
205.468	0.414	R	4123884	4124296	1908.4	568.9	1363
205.906	0.076	L	4124322	4124396	1783.3	503.0	1185
205.904	0.078	R	4124320	4124396	1829.3	504.8	1283
206.13	0.694	L	4124546	4125238	1782.7	501.3	1127
206.13	0.694	R	4124546	4125238	1818.3	503.2	1304
206.886	3.632	L	4125302	4128932	967.7	509.6	1245
206.888	3.632	R	4125304	4128934	968.0	530.4	1361
210.536	2.358	L	4128952	4131308	963.1	514.9	1237
210.538	2.356	R	4128954	4131308	964.2	542.4	1327
212.934	0.738	L	4131350	4132086	1265.5	512.0	1287
212.934	0.738	R	4131350	4132086	1291.5	534.5	1326
213.818	0.568	L	4132234	4132800	1279.6	522.9	1008
213.818	0.57	R	4132234	4132802	1277.2	537.1	1110
214.43	0.18	L	4132846	4133024	1036.5	529.2	1099
214.436	0.174	R	4132852	4133024	1024.9	524.3	1226
214.63	6.004	R	4133046	4139048	964.7	516.5	1427
214.628	6.008	L	4133044	4139050	950.0	495.7	1358
220.71	0.654	L	4139126	4139778	1749.1	516.7	1304
220.708	0.656	R	4139124	4139778	1781.6	518.1	1392
221.512	0.324	L	4139928	4140250	1785.7	497.1	1094
221.512	0.324	R	4139928	4140250	1819.3	498.5	1202
221.86	0.284	L	4140276	4140558	1675.2	508.7	1185
221.86	0.284	R	4140276	4140558	1702.3	496.8	1310
222.2	2.53	L	4140616	4143144	961.4	527.7	1074
222.202	2.54	R	4140618	4143156	955.6	534.7	1187
224.97	3.5	L	4143386	4146884	949.2	513.7	1205
224.93	3.54	R	4143346	4146884	970.9	536.6	1309
228.526	0.53	L	4146942	4147470	1561.7	524.5	1313
228.524	0.532	R	4146940	4147470	1617.8	522.6	1386
229.204	0.698	L	4147620	4148316	1568.0	518.7	1053
229.204	0.702	R	4147620	4148320	1588.8	527.8	1228
230.16	1.914	L	4148576	4150488	971.6	512.2	1129
230.114	1.96	R	4148530	4150488	968.1	521.0	1297
232.138	0.604	L	4150554	4151156	1739.4	523.4	1174
232.136	0.606	R	4150552	4151156	1756.4	523.0	1284
232.89	0.144	R	4151306	4151448	1744.5	527.9	1143
232.89	0.778	L	4151306	4152082	1763.1	528.1	1034
233.052	0.618	R	4151468	4152084	1791.8	519.3	1204
233.882	0.162	L	4152298	4152458	959.6	543.3	1106
233.836	0.228	R	4152252	4152478	949.1	524.9	1325
234.306	1.48	L	4152722	4154200	968.9	529.0	1022
234.258	1.528	R	4152674	4154200	959.8	542.0	1130
235.826	0.604	L	4154242	4154844	1274.5	501.8	1165
235.824	0.606	R	4154240	4154844	1287.0	520.8	1274
236.578	0.474	L	4154994	4155466	1274.7	514.5	1074
236.578	0.476	R	4154994	4155468	1273.7	516.1	1218
237.092	6.348	L	4155508	4161854	944.4	516.7	1275
237.096	6.344	R	4155512	4161854	953.8	540.1	1357
243.49	0.63	L	4161906	4162534	388.1	550.6	1286
243.492	0.628	R	4161908	4162534	354.7	576.9	1359
244.268	0.696	R	4162684	4163378	333.5	589.1	1185
244.268	0.698	L	4162684	4163380	358.2	570.6	1191
245.016	0.168	R	4163432	4163598	919.1	563.0	1256
245.016	2.126	L	4163432	4165556	955.2	520.6	1155
245.202	1.948	R	4163618	4165564	960.0	532.6	1221
247.392	0.568	L	4165808	4166374	967.7	527.9	1102
247.344	0.626	R	4165760	4166384	969.8	539.7	1209
248.21	2.872	L	4166626	4169496	968.9	519.5	1041
248.17	2.912	R	4166586	4169496	962.5	530.5	1120
251.13	0.356	L	4169546	4169900	1473.9	504.4	1172
251.13	0.356	R	4169546	4169900	1493.3	512.5	1219
251.54	0.144	L	4169956	4170098	782.9	530.8	1096
251.542	0.144	R	4169958	4170100	762.0	537.5	1196
251.708	0.104	L	4170124	4170226	666.8	520.6	1040
251.71	0.102	R	4170126	4170226	649.1	532.0	1153
251.96	0.544	R	4170376	4170918	650.6	530.6	1256
251.96	0.546	L	4170376	4170920	653.7	515.9	1154
252.542	0.242	L	4170958	4171198	953.3	510.2	1231
252.54	0.244	R	4170956	4171198	963.4	526.1	1291
252.8	0.042	L	4171216	4171256	996.2	499.3	1232
252.802	0.074	R	4171218	4171290	1010.6	513.3	1281
253.098	1.634	R	4171514	4173146	978.7	524.3	1201
253.136	1.598	L	4171552	4173148	980.6	513.0	1136
254.782	0.186	R	4173198	4173382	1548.6	483.5	1242
254.784	0.714	L	4173200	4173912	1561.5	500.5	1205
254.986	0.512	R	4173402	4173912	1592.1	506.5	1244
255.646	0.308	L	4174062	4174368	1574.7	507.0	1150
255.646	0.31	R	4174062	4174370	1592.8	509.4	1294
256.268	0.022	L	4174684	4174704	1007.1	873.2	1096
256.254	0.038	R	4174670	4174706	906.6	556.7	1525
256.708	1.19	L	4175124	4176312	968.5	525.6	1223
256.68	1.22	R	4175096	4176314	969.3	538.3	1313
257.916	0.304	R	4176332	4176634	954.1	522.5	1305
257.916	0.306	L	4176332	4176636	950.7	509.8	1173
258.258	0.928	L	4176674	4177600	1256.2	489.8	1267
258.256	0.93	R	4176672	4177600	1282.3	509.4	1377
259.334	0.37	L	4177750	4178118	1256.0	491.2	1356
259.334	0.372	R	4177750	4178120	1284.4	505.3	1482
259.74	0.542	L	4178156	4178696	1020.3	530.8	1381
259.744	0.54	R	4178160	4178698	1032.7	527.1	1475
260.302	3.838	L	4178718	4182554	945.4	515.5	1229
260.302	5.688	R	4178718	4184404	960.0	535.7	1275
264.168	1.824	L	4182584	4184406	961.2	521.1	1098
266.03	0.846	L	4184446	4185290	1272.1	521.9	1066
266.03	0.846	R	4184446	4185290	1285.6	535.8	1166
267.024	0.518	L	4185440	4185956	1284.6	531.7	924
267.024	0.52	R	4185440	4185958	1272.9	533.5	1080
267.582	2.652	L	4185998	4188648	968.0	518.1	1093
267.582	2.652	R	4185998	4188648	962.5	533.8	1221
270.286	0.278	L	4188702	4188978	324.1	521.4	1339
270.288	0.276	R	4188704	4188978	334.1	550.0	1468
270.712	0.46	L	4189128	4189586	328.8	549.0	1225
270.712	0.46	R	4189128	4189586	321.4	578.5	1247
271.222	1.746	L	4189638	4191382	953.9	518.3	1164
272.984	0.366	L	4191400	4191764	949.3	514.6	1173
271.222	2.128	R	4189638	4191764	959.0	547.8	1227
273.384	0.356	L	4191800	4192154	1196.6	522.0	1138
273.382	0.358	R	4191798	4192154	1191.6	534.1	1176
273.82	0.4	L	4192236	4192634	111.8	618.3	1116
273.816	0.404	R	4192232	4192634	56.2	614.9	1246
274.398	0.446	R	4192814	4193258	16.0	555.9	1235
274.398	0.448	L	4192814	4193260	78.4	568.7	1164
274.904	0.15	L	4193320	4193468	906.0	514.8	1258
275.07	6.062	L	4193486	4199546	967.1	510.5	1151
274.902	6.232	R	4193318	4199548	962.6	537.2	1219
281.194	0.122	R	4199610	4199730	698.0	556.0	1256
281.202	0.74	L	4199618	4200356	660.4	511.4	1143
281.334	0.608	R	4199750	4200356	639.3	548.3	1211
282.09	0.498	R	4200506	4201002	623.7	545.0	1196
282.09	0.5	L	4200506	4201004	634.2	518.5	1164
282.624	2.158	L	4201040	4203196	950.7	513.6	1130
282.624	2.16	R	4201040	4203198	949.8	541.2	1177
284.836	0.564	R	4203252	4203814	301.8	559.5	1221
284.836	0.792	L	4203252	4204042	348.8	548.3	1135
285.418	0.21	R	4203834	4204042	322.7	563.7	984
285.776	0.59	R	4204192	4204780	317.3	567.1	1049
285.776	0.592	L	4204192	4204782	351.6	555.7	1014
286.418	0.434	L	4204834	4205266	963.0	521.4	1154
286.878	1.812	L	4205294	4207104	961.0	515.6	1115
286.418	2.272	R	4204834	4207104	968.3	533.8	1170
288.748	0.342	R	4207164	4207504	1692.3	532.2	1211
288.748	0.344	L	4207164	4207506	1680.5	516.2	1155
289.12	0.196	L	4207536	4207730	1845.7	530.1	1001
289.118	0.198	R	4207534	4207730	1853.0	539.4	1073
289.464	0.534	L	4207880	4208412	1841.3	537.5	908
289.464	0.536	R	4207880	4208414	1839.8	541.0	1020
290.066	0.12	R	4208482	4208600	926.2	549.4	1249
290.062	1.558	L	4208478	4210034	966.4	518.4	1054
290.204	1.426	R	4208620	4210044	956.3	534.4	1145
291.882	0.184	L	4210298	4210480	953.8	539.8	1031
291.846	0.222	R	4210262	4210482	930.5	530.5	1159
292.1	0.902	L	4210516	4211416	658.8	541.9	934
292.102	0.9	R	4210518	4211416	628.0	552.6	1032
293.15	0.484	R	4211566	4212048	658.9	560.3	1206
293.15	0.486	L	4211566	4212050	671.1	534.3	1112
293.672	6.22	L	4212088	4218306	953.2	515.3	1154
293.67	6.224	R	4212086	4218308	959.1	533.9	1239
299.948	0.746	L	4218364	4219108	335.6	535.5	1131
299.95	0.744	R	4218366	4219108	306.7	543.2	1196
300.844	0.498	R	4219260	4219756	320.7	551.0	1220
300.844	0.5	L	4219260	4219758	333.1	522.7	1155
301.396	3.256	L	4219812	4223066	969.4	509.6	1119
304.67	0.246	L	4223086	4223330	963.6	496.7	1253
301.394	3.532	R	4219810	4223340	961.1	529.8	1209
305.096	0.174	L	4223512	4223684	1020.9	484.1	1191
305.044	0.226	R	4223460	4223684	991.7	488.0	1222
305.286	2.168	L	4223702	4225868	968.9	511.4	1081
305.288	2.168	R	4223704	4225870	962.7	521.9	1156
307.51	0.874	L	4225926	4226798	334.4	535.9	1143
307.512	0.872	R	4225928	4226798	324.4	542.2	1168
364.604	0.252	L	4283020	4283270	870.4	483.0	1840
364.604	0.266	R	4283020	4283284	915.5	496.6	1773
365.084	0.35	L	4283500	4283848	963.5	488.8	1861
365.03	0.404	R	4283446	4283848	1003.5	491.7	1805
365.506	0.066	L	4283922	4283986	1740.1	939.9	1684
365.504	0.074	R	4283920	4283992	1832.2	927.7	1599
365.864	4.322	L	4284280	4288600	966.2	493.7	1698
365.83	4.356	R	4284246	4288600	1003.4	493.2	1671
370.204	0.232	L	4288620	4288850	943.2	474.6	1806
370.204	0.24	R	4288620	4288858	987.7	484.7	1757
370.694	0.702	L	4289110	4289810	960.0	504.7	1690
370.656	0.74	R	4289072	4289810	999.8	476.9	1678
371.45	0.698	L	4289866	4290562	1568.7	550.9	1421
371.448	0.7	R	4289864	4290562	1599.7	493.2	1463
372.518	0.37	L	4290934	4291302	1561.9	527.5	1456
372.518	0.37	R	4290934	4291302	1594.7	475.9	1553
372.944	0.31	R	4291360	4291668	955.2	472.4	1624
372.94	0.574	L	4291356	4291928	962.1	508.2	1533
373.27	0.254	R	4291686	4291938	988.6	483.1	1589
373.84	0.324	L	4292256	4292578	1058.8	427.1	1526
373.83	0.334	R	4292246	4292578	1075.9	399.2	1513
374.19	1.858	L	4292606	4294462	973.6	496.2	1488
374.192	1.862	R	4292608	4294468	988.4	466.4	1517
376.208	2.162	L	4294624	4296784	967.2	481.7	1599
376.186	2.19	R	4294602	4296790	997.4	480.8	1664
378.53	0.546	L	4296946	4297490	959.6	479.7	1651
378.504	0.572	R	4296920	4297490	1011.2	478.5	1703
379.114	0.724	L	4297530	4298252	667.9	491.8	1594
379.116	0.722	R	4297532	4298252	681.9	499.1	1652
379.986	0.356	L	4298402	4298756	662.7	498.5	1534
379.986	0.356	R	4298402	4298756	691.4	511.8	1586
380.382	0.468	L	4298798	4299264	945.7	490.7	1593
380.38	0.488	R	4298796	4299282	989.2	504.0	1576
381.132	0.278	L	4299548	4299824	907.5	490.1	1487
381.096	0.316	R	4299512	4299826	933.2	481.1	1490
381.478	0.158	L	4299894	4300050	502.1	125.4	1483
381.48	0.156	R	4299896	4300050	508.8	92.0	1505
381.678	0.318	L	4300094	4300410	280.1	-79.1	1390
381.676	0.322	R	4300092	4300412	279.3	-90.1	1383
382.058	0.194	L	4300474	4300666	975.4	476.2	1469
382.058	0.2	R	4300474	4300672	996.8	482.1	1423
382.514	0.096	L	4300930	4301024	943.9	479.9	1536
382.48	1.124	R	4300896	4302018	993.3	492.5	1532
382.628	0.978	L	4301044	4302020	973.7	517.7	1519
383.798	0.16	L	4302214	4302372	2072.5	331.8	1365
383.79	0.172	R	4302206	4302376	2289.1	402.5	1374
384.024	0.21	L	4302440	4302648	1096.8	478.9	1480
384.026	0.21	R	4302442	4302650	1115.6	464.0	1583
384.26	0.326	L	4302676	4303000	985.8	488.8	1460
384.262	0.324	R	4302678	4303000	998.8	467.4	1498
384.656	0.288	L	4303072	4303358	1773.6	1228.9	1449
384.656	0.292	R	4303072	4303362	1836.3	1231.7	1392
385.178	0.08	L	4303594	4303672	930.2	490.1	1472
385.146	0.112	R	4303562	4303672	948.8	480.6	1550
385.276	0.608	L	4303692	4304298	969.3	492.5	1523
385.276	0.608	R	4303692	4304298	999.0	489.1	1610
385.95	0.196	L	4304366	4304560	1468.6	1346.5	1426
385.942	0.204	R	4304358	4304560	1299.6	1247.0	1694
386.216	0.388	R	4304632	4305018	955.5	472.8	1589
386.216	0.39	L	4304632	4305020	927.8	490.7	1518
386.656	0.874	L	4305072	4305944	1563.8	529.2	1400
386.656	0.874	R	4305072	4305944	1593.8	484.7	1473
387.678	0.394	L	4306094	4306486	1559.7	523.3	1372
387.678	0.396	R	4306094	4306488	1595.0	487.9	1484
388.126	0.576	L	4306542	4307116	966.1	487.0	1560
388.128	0.578	R	4306544	4307120	987.0	476.2	1628
388.932	0.76	L	4307348	4308106	986.4	501.7	1526
388.898	0.794	R	4307314	4308106	1005.9	476.2	1559
389.71	0.542	R	4308126	4308666	980.5	480.9	1535
389.71	0.544	L	4308126	4308668	969.2	509.2	1464
390.306	0.164	L	4308722	4308884	1491.2	528.6	1473
390.304	0.166	R	4308720	4308884	1521.7	490.6	1501
390.494	0.722	L	4308910	4309630	1583.8	536.4	1378
390.494	0.722	R	4308910	4309630	1604.4	484.7	1424
391.364	0.162	L	4309780	4309940	1782.3	772.6	1411
391.364	0.162	R	4309780	4309940	1851.0	744.3	1436
391.556	0.38	L	4309972	4310350	1915.8	880.6	1378
391.554	0.384	R	4309970	4310352	1991.9	863.1	1432
392.0	1.016	L	4310416	4311430	980.6	501.1	1449
392.004	1.016	R	4310420	4311434	1007.7	487.2	1532
393.226	0.094	L	4311642	4311734	895.7	499.1	1443
393.21	0.11	R	4311626	4311734	935.5	481.5	1551
393.342	0.648	L	4311758	4312404	962.4	481.4	1504
393.342	0.65	R	4311758	4312406	1002.3	481.5	1583
394.05	0.136	R	4312466	4312600	317.9	512.8	1607
394.048	0.856	L	4312464	4313318	340.7	520.1	1541
394.204	0.7	R	4312620	4313318	363.5	526.8	1557
395.054	0.374	R	4313470	4313842	363.0	525.8	1543
395.054	0.376	L	4313470	4313844	342.5	521.7	1587
395.484	1.394	L	4313900	4315292	976.3	506.6	1525
395.482	1.396	R	4313898	4315292	1002.5	497.3	1519
396.894	2.33	L	4315310	4317638	977.1	502.8	1444
396.894	2.33	R	4315310	4317638	996.7	503.0	1502
399.24	2.636	R	4317656	4320290	1000.0	489.5	1544
399.24	2.638	L	4317656	4320292	979.5	497.7	1509
401.924	0.318	R	4320340	4320656	1543.0	486.4	1468
401.926	0.318	L	4320342	4320658	1526.0	503.4	1470
402.286	0.216	R	4320702	4320916	1870.1	503.3	1334
402.286	0.22	L	4320702	4320920	1845.8	528.3	1287
402.53	0.064	L	4320946	4321008	1942.5	528.9	1192
402.53	0.064	R	4320946	4321008	2001.0	503.4	1233
402.84	0.004	R	4321256	4321258	1969.4	1349.7	88
402.912	0.608	R	4321328	4321934	1954.4	462.4	1315
402.918	0.604	L	4321334	4321936	1912.3	477.2	1180
403.582	0.174	L	4321998	4322170	1046.2	503.9	1378
403.776	1.544	L	4322192	4323734	977.1	495.9	1334
403.584	1.736	R	4322000	4323734	990.2	497.1	1444
405.356	0.198	L	4323772	4323968	1238.3	470.2	1470
405.354	0.202	R	4323770	4323970	1271.0	492.5	1478
405.618	0.256	L	4324034	4324288	342.1	558.4	1478
405.62	0.256	R	4324036	4324290	349.6	564.0	1569
405.904	0.378	L	4324320	4324696	144.8	558.8	1428
405.906	0.376	R	4324322	4324696	138.2	525.8	1512
406.43	0.12	R	4324846	4324964	123.5	528.5	1454
406.43	0.122	L	4324846	4324966	149.1	562.8	1429
406.624	0.156	L	4325040	4325194	1147.2	481.7	1409
406.62	0.162	R	4325036	4325196	1174.9	503.3	1386
406.808	1.224	L	4325224	4326446	980.6	502.6	1270
406.812	1.23	R	4325228	4326456	992.0	521.6	1314
408.218	0.778	R	4326634	4327410	976.9	501.4	1420
408.26	0.738	L	4326676	4327412	973.7	516.1	1382
409.036	0.932	L	4327452	4328382	1276.2	508.0	1402
409.034	0.934	R	4327450	4328382	1294.6	510.1	1395
410.116	0.45	L	4328532	4328980	1275.7	497.8	1444
410.116	0.45	R	4328532	4328980	1307.4	495.5	1455
410.604	6.318	L	4329020	4335336	964.5	485.6	1542
410.606	6.318	R	4329022	4335338	988.2	501.2	1553
417.012	0.648	L	4335428	4336074	169.4	515.0	1493
417.012	0.648	R	4335428	4336074	139.1	515.3	1533
417.81	0.602	R	4336226	4336826	131.7	537.5	1296
417.81	0.604	L	4336226	4336828	174.4	545.6	1347
418.47	0.17	R	4336886	4337054	888.9	523.1	1400
418.474	0.168	L	4336890	4337056	884.3	510.5	1457
418.664	1.128	L	4337080	4338206	961.5	521.9	1301
418.664	1.134	R	4337080	4338212	953.4	511.2	1306
420.038	0.266	L	4338454	4338718	966.6	533.6	1249
420.002	0.32	R	4338418	4338736	963.3	519.9	1358
420.578	4.022	L	4338994	4343014	972.6	493.5	1390
420.544	4.058	R	4338960	4343016	977.1	502.5	1434
424.66	0.69	L	4343076	4343764	351.4	520.8	1461
424.664	0.686	R	4343080	4343764	354.7	549.6	1484
425.496	0.538	L	4343912	4344448	351.0	531.1	1248
425.496	0.538	R	4343912	4344448	342.8	543.5	1256
426.086	0.164	R	4344502	4344664	918.4	513.9	1333
426.088	0.164	L	4344504	4344666	896.6	504.6	1365
426.268	0.62	R	4344684	4345302	963.2	517.3	1290
426.27	0.62	L	4344686	4345304	970.8	506.1	1272
426.908	1.346	L	4345324	4346668	990.4	515.6	1119
426.908	1.348	R	4345324	4346670	974.3	530.9	1185
428.296	0.742	L	4346712	4347452	662.5	504.3	1313
428.298	0.74	R	4346714	4347452	653.2	534.8	1375
429.17	0.486	L	4347586	4348070	662.8	501.6	1234
429.17	0.486	R	4347586	4348070	651.0	534.6	1237
429.698	2.288	L	4348114	4350400	978.0	493.8	1343
429.696	2.292	R	4348112	4350402	981.0	518.8	1366
432.112	0.596	L	4350528	4351122	156.9	519.4	1438
432.058	0.65	R	4350474	4351122	112.3	545.0	1475
432.856	0.184	R	4351272	4351454	89.3	520.3	1262
432.856	0.186	L	4351272	4351456	134.2	527.3	1268
433.112	0.156	L	4351528	4351682	1151.1	496.1	1245
433.11	0.16	R	4351526	4351684	1175.3	491.9	1211
433.296	2.25	L	4351712	4353960	976.7	505.9	1296
433.298	2.248	R	4351714	4353960	998.5	521.4	1314
435.612	0.26	R	4354028	4354286	121.1	615.9	1562
435.61	0.264	L	4354026	4354288	133.3	609.2	1468
435.9	0.494	L	4354316	4354808	113.5	493.1	1401
435.898	0.496	R	4354314	4354808	62.9	492.8	1402
436.542	0.022	L	4354958	4354978	113.6	497.4	1433
436.542	0.022	R	4354958	4354978	79.6	494.8	1433
436.63	0.406	R	4355046	4355450	870.8	562.8	1481
436.632	0.406	L	4355048	4355452	835.8	527.0	1487
437.064	2.42	L	4355480	4357898	973.7	498.5	1395
437.062	2.424	R	4355478	4357900	986.6	517.7	1437
439.504	3.76	L	4357920	4361678	968.2	488.6	1432
439.504	3.762	R	4357920	4361680	992.1	516.1	1456
443.358	0.728	L	4361774	4362500	359.8	510.3	1395
443.328	0.758	R	4361744	4362500	370.0	536.0	1429
444.234	0.492	R	4362650	4363140	350.6	537.5	1350
444.234	0.494	L	4362650	4363142	357.7	503.5	1328
444.782	1.23	L	4363198	4364426	981.0	486.8	1356
444.78	1.244	R	4363196	4364438	995.9	506.4	1385
446.2	0.79	L	4364616	4365404	977.9	513.0	1345
446.172	0.818	R	4364588	4365404	989.9	502.6	1393
447.052	0.72	L	4365468	4366186	1802.9	576.9	1193
447.05	0.722	R	4365466	4366186	1832.4	574.1	1275
447.92	0.032	R	4366336	4366366	1832.5	568.5	1386
447.92	0.576	L	4366336	4366910	1803.9	534.2	1279
447.97	0.526	R	4366386	4366910	1852.6	524.3	1431
448.56	1.576	R	4366976	4368550	982.3	528.8	1496
448.558	1.58	L	4366974	4368552	970.3	501.6	1398
450.16	0.266	L	4368576	4368840	1048.3	492.8	1498
450.16	0.268	R	4368576	4368842	1063.2	527.0	1552
450.452	4.126	R	4368868	4372992	993.2	522.4	1522
450.45	4.13	L	4368866	4372994	963.0	502.3	1443
454.614	0.882	L	4373030	4373910	1267.9	503.8	1397
454.614	0.882	R	4373030	4373910	1299.0	530.2	1437
455.646	0.65	L	4374062	4374710	1262.9	487.4	1381
455.646	0.652	R	4374062	4374712	1308.6	508.7	1475
456.338	5.88	L	4374754	4380632	967.7	494.6	1427
456.338	5.882	R	4374754	4380634	989.9	512.2	1492
462.32	0.67	R	4380736	4381404	155.7	572.0	1550
462.334	0.658	L	4380750	4381406	173.6	555.6	1525
463.014	0.174	L	4381430	4381602	96.4	526.4	1393
463.014	0.174	R	4381430	4381602	66.8	515.2	1406
463.336	0.59	L	4381752	4382340	110.9	529.4	1474
463.336	0.59	R	4381752	4382340	77.3	517.8	1455
464.068	0.03	L	4382484	4382512	1311.2	1183.6	818
464.182	0.062	L	4382598	4382658	1002.0	529.9	1520
464.112	0.144	R	4382528	4382670	1022.8	504.6	1495
464.484	1.66	R	4382900	4384558	986.2	506.8	1520
464.508	1.638	L	4382924	4384560	971.4	495.4	1494
466.196	0.53	R	4384612	4385140	1553.2	531.7	1538
466.198	0.53	L	4384614	4385142	1537.3	524.2	1550
466.77	0.104	L	4385186	4385288	1874.1	503.3	1374
466.77	0.104	R	4385186	4385288	1909.4	507.8	1419
467.022	0.422	L	4385438	4385858	1865.6	508.5	1409
467.022	0.422	R	4385438	4385858	1896.6	512.6	1470
467.508	2.07	R	4385924	4387992	973.2	516.3	1595
467.506	2.074	L	4385922	4387994	987.0	487.8	1541
469.636	0.024	L	4388052	4388074	1725.4	529.3	1492
469.636	0.024	R	4388052	4388074	1762.4	498.9	1579
469.724	0.51	L	4388140	4388648	1902.8	525.2	1491
469.724	0.51	R	4388140	4388648	1951.7	514.0	1530
470.27	0.234	L	4388686	4388918	1529.7	522.1	1592
470.27	0.236	R	4388686	4388920	1551.7	513.8	1641
470.712	0.044	L	4389128	4389170	657.1	524.3	1592
470.712	0.046	R	4389128	4389172	636.9	558.2	1742
470.794	0.474	R	4389210	4389682	245.7	551.0	1694
470.792	0.478	L	4389208	4389684	290.2	526.9	1592
471.32	0.16	R	4389736	4389894	913.6	530.9	1569
471.322	0.16	L	4389738	4389896	914.0	506.7	1555
471.498	0.43	R	4389914	4390342	960.5	524.5	1565
471.498	0.938	L	4389914	4390850	969.1	479.0	1567
471.946	3.134	R	4390362	4393494	969.3	507.7	1703
472.454	2.628	L	4390870	4393496	951.5	465.6	1660
475.134	0.328	L	4393550	4393876	1508.8	479.6	1621
475.132	0.33	R	4393548	4393876	1534.8	490.4	1637
475.506	0.114	L	4393922	4394034	1039.8	484.3	1487
475.508	0.112	R	4393924	4394034	1042.5	509.5	1547
475.64	1.728	R	4394056	4395782	988.4	511.2	1504
475.64	1.73	L	4394056	4395784	975.9	484.9	1486
477.474	0.702	R	4395890	4396590	1909.8	545.1	1337
477.478	0.704	L	4395894	4396596	1879.3	539.3	1294
478.204	0.048	L	4396620	4396666	1911.9	626.0	1202
478.202	0.05	R	4396618	4396666	1951.8	624.0	1293
478.402	0.07	L	4396818	4396886	1911.3	624.1	1225
478.402	0.07	R	4396818	4396886	1942.2	630.1	1332
478.55	0.3	R	4396966	4397264	767.0	502.9	1553
478.548	0.304	L	4396964	4397266	782.3	470.8	1397
478.88	0.82	L	4397296	4398114	968.2	488.2	1448
478.88	0.822	R	4397296	4398116	975.4	507.6	1513
479.718	0.334	R	4398134	4398466	915.6	521.2	1508
479.718	1.482	L	4398134	4399614	955.2	489.4	1426
480.07	1.132	R	4398486	4399616	978.5	516.4	1446
481.33	0.336	L	4399746	4400080	264.3	596.2	1503
481.28	0.386	R	4399696	4400080	237.8	587.0	1597
481.692	0.156	R	4400108	4400262	356.4	546.1	1577
481.692	0.158	L	4400108	4400264	366.1	525.4	1532
482.088	0.278	L	4400504	4400780	1624.9	521.8	1461
482.088	0.278	R	4400504	4400780	1656.0	518.6	1468
482.388	0.29	L	4400804	4401092	1710.1	531.3	1368
482.388	0.292	R	4400804	4401094	1738.1	516.8	1415
482.736	0.114	L	4401152	4401264	1017.4	490.7	1405
482.74	0.112	R	4401156	4401266	1013.2	491.3	1527
482.87	1.852	L	4401286	4403136	962.9	483.3	1393
482.87	1.862	R	4401286	4403146	968.8	512.5	1483
484.904	3.868	R	4403320	4407186	979.2	523.1	1482
484.934	3.84	L	4403350	4407188	967.0	505.5	1445
488.814	0.662	L	4407230	4407890	1284.8	513.4	1436
488.812	0.666	R	4407228	4407892	1305.0	514.9	1455
489.556	0.076	L	4407972	4408046	119.3	558.6	1391
489.558	0.074	R	4407974	4408046	87.7	526.4	1537
489.78	0.44	R	4408196	4408634	94.8	544.0	1424
489.78	0.442	L	4408196	4408636	123.8	569.5	1307
490.282	0.192	L	4408698	4408888	918.7	517.5	1329
490.28	0.194	R	4408696	4408888	935.5	534.3	1348
490.492	0.124	L	4408908	4409030	960.1	507.7	1366
490.494	0.136	R	4408910	4409044	979.6	536.0	1379
490.994	0.076	L	4409410	4409484	1049.8	580.1	1227
490.966	0.106	R	4409382	4409486	1046.5	573.9	1344
491.094	0.432	R	4409510	4409940	954.8	563.3	1441
491.542	4.984	R	4409958	4414940	977.8	517.2	1528
491.094	5.434	L	4409510	4414942	959.3	494.8	1463
496.608	0.178	L	4415024	4415200	1965.3	561.0	1344
496.608	0.178	R	4415024	4415200	2037.7	554.5	1408
496.816	0.506	L	4415232	4415736	1792.2	524.3	1238
496.816	0.506	R	4415232	4415736	1808.4	510.1	1348
497.468	1.026	L	4415884	4416908	1780.7	460.9	1221
497.468	1.028	R	4415884	4416910	1796.5	456.6	1344
498.556	5.612	L	4416972	4422582	982.1	488.2	1315
498.558	5.61	R	4416974	4422582	981.2	516.4	1380
504.206	0.808	L	4422622	4423428	658.5	530.2	1381
504.208	0.806	R	4422624	4423428	662.5	549.0	1411
505.162	0.548	R	4423578	4424124	639.5	549.4	1399
505.162	0.55	L	4423578	4424126	642.8	504.3	1384
505.75	0.16	L	4424166	4424324	938.3	493.5	1388
505.75	0.16	R	4424166	4424324	951.1	546.6	1377
505.93	0.72	L	4424346	4425064	964.2	470.8	1375
505.93	0.722	R	4424346	4425066	980.2	505.6	1401
506.67	1.354	R	4425086	4426438	977.9	514.8	1359
506.668	1.358	L	4425084	4426440	969.6	488.2	1320
508.1	0.6	L	4426516	4427114	1815.9	514.2	1305
508.098	0.602	R	4426514	4427114	1863.3	521.2	1326
508.848	0.474	L	4427264	4427736	1820.3	523.7	1171
508.848	0.476	R	4427264	4427738	1845.9	522.7	1259
509.394	2.252	L	4427810	4430060	965.4	510.9	1307
509.396	2.254	R	4427812	4430064	975.6	528.7	1367
511.71	0.148	R	4430126	4430272	242.6	591.4	1397
511.708	0.152	L	4430124	4430274	287.3	598.0	1298
511.922	0.148	R	4430338	4430484	1242.2	513.3	1395
511.924	0.15	L	4430340	4430488	1228.7	490.2	1364
512.092	0.296	L	4430508	4430802	1280.8	494.7	1359
512.092	0.296	R	4430508	4430802	1287.1	503.3	1391
512.536	0.504	L	4430952	4431454	1289.6	506.0	1258
512.536	0.506	R	4430952	4431456	1295.5	509.4	1311
513.08	6.214	L	4431496	4437708	973.1	487.0	1418
513.082	6.212	R	4431498	4437708	983.9	517.7	1477
519.364	0.714	L	4437780	4438492	110.2	546.7	1441
519.366	0.712	R	4437782	4438492	62.4	560.5	1469
520.226	0.596	R	4438642	4439236	55.5	566.5	1206
520.226	0.598	L	4438642	4439238	111.4	553.6	1204
520.894	0.176	L	4439310	4439484	932.2	492.6	1270
520.89	0.18	R	4439306	4439484	949.2	520.4	1210
521.09	6.032	R	4439506	4445536	973.3	525.4	1233
521.09	6.034	L	4439506	4445538	979.2	501.7	1211
527.196	0.454	R	4445612	4446064	1826.5	548.0	1238
527.196	0.456	L	4445612	4446066	1801.6	544.0	1199
527.676	0.094	L	4446092	4446184	1890.0	538.6	994
527.676	0.094	R	4446092	4446184	1912.7	545.7	1057
527.918	0.218	L	4446334	4446550	1895.8	548.7	913
527.918	0.218	R	4446334	4446550	1897.9	555.2	1011
528.244	0.174	L	4446660	4446832	1025.2	587.0	999
528.246	0.172	R	4446662	4446832	998.7	596.3	1190
528.434	6.236	R	4446850	4453084	959.5	534.4	1090
528.434	6.24	L	4446850	4453088	991.6	514.7	1006
534.71	0.75	L	4453126	4453874	1292.1	512.0	1100
534.71	0.75	R	4453126	4453874	1275.9	531.1	1157
535.61	0.512	L	4454026	4454536	1297.5	519.2	934
535.61	0.514	R	4454026	4454538	1268.0	523.1	1031
536.162	0.488	R	4454578	4455064	949.4	514.7	1257
536.668	1.806	R	4455084	4456888	959.4	531.7	1109
536.16	2.318	L	4454576	4456892	981.9	512.8	1061
538.532	0.126	R	4456948	4457072	1557.7	557.0	1078
538.534	0.612	L	4456950	4457560	1585.1	525.6	1051
538.674	0.472	R	4457090	4457560	1593.7	539.0	1105
539.294	0.652	L	4457710	4458360	1599.5	514.8	963
539.294	0.652	R	4457710	4458360	1590.6	526.4	1111
540.004	0.178	L	4458420	4458596	1109.6	513.3	1018
540.004	0.18	R	4458420	4458598	1085.1	515.9	1247
540.206	0.164	L	4458622	4458784	1002.5	505.9	1013
540.208	0.164	R	4458624	4458786	984.9	518.8	1238
540.388	1.02	L	4458804	4459822	1004.4	507.6	943
540.39	1.02	R	4458806	4459824	978.3	526.2	1078
541.424	0.608	L	4459840	4460446	971.4	493.2	1111
541.426	0.608	R	4459842	4460448	964.0	515.3	1217
542.074	0.76	L	4460490	4461248	674.4	528.6	986
542.076	0.758	R	4460492	4461248	639.5	554.8	1064
542.984	0.534	L	4461400	4461932	679.3	518.4	883
542.984	0.534	R	4461400	4461932	640.6	557.4	947
543.56	2.164	L	4461976	4464138	980.5	499.0	1043
543.56	2.164	R	4461976	4464138	970.8	528.1	1097
545.784	0.202	L	4464200	4464400	395.7	494.3	1110
545.788	0.198	R	4464204	4464400	345.5	524.7	1189
546.004	0.516	L	4464420	4464934	350.6	529.6	1071
546.006	0.514	R	4464422	4464934	319.5	547.8	1098
607.044	2.774	R	4525460	4528232	1010.0	494.2	1637
607.044	2.776	L	4525460	4528234	969.4	478.8	1616
609.874	0.71	L	4528290	4528998	1581.0	519.3	1440
609.874	0.71	R	4528290	4528998	1613.3	497.1	1422
610.732	0.598	L	4529148	4529744	1599.2	522.7	1231
610.732	0.6	R	4529148	4529746	1613.2	489.2	1364
611.384	2.352	L	4529800	4532150	983.9	502.1	1419
611.386	2.352	R	4529802	4532152	994.6	487.7	1488
613.802	0.498	R	4532218	4532714	369.6	526.6	1468
613.798	0.504	L	4532214	4532716	380.7	530.6	1411
614.552	0.476	L	4532968	4533442	1678.4	540.9	1346
614.552	0.476	R	4532968	4533442	1670.2	511.5	1373
615.084	2.39	L	4533500	4535888	994.8	499.1	1382
615.084	2.39	R	4533500	4535888	994.2	492.1	1437
617.514	0.578	L	4535930	4536506	668.9	503.6	1493
617.514	0.578	R	4535930	4536506	690.6	495.0	1518
618.242	0.466	R	4536658	4537122	673.2	504.8	1282
618.242	0.468	L	4536658	4537124	682.2	510.0	1266
618.756	6.438	L	4537172	4543608	985.8	490.0	1436
618.754	6.44	R	4537170	4543608	998.3	494.6	1463
625.222	0.142	L	4543638	4543778	799.8	524.8	1559
625.22	0.144	R	4543636	4543778	827.2	518.5	1612
625.388	0.396	L	4543804	4544198	683.4	508.2	1599
625.39	0.394	R	4543806	4544198	706.0	516.9	1604
625.93	0.498	R	4544346	4544842	685.7	530.6	1279
625.93	0.5	L	4544346	4544844	692.6	523.8	1285
626.472	2.38	L	4544888	4547266	976.0	511.9	1395
626.472	2.382	R	4544888	4547268	995.8	500.5	1411
628.97	0.5	L	4547386	4547884	360.0	526.4	1540
628.914	0.556	R	4547330	4547884	365.6	520.4	1570
629.618	0.67	L	4548034	4548702	370.0	552.9	1293
629.618	0.67	R	4548034	4548702	358.8	537.4	1228
630.386	0.278	L	4548802	4549078	957.2	555.4	1298
630.388	0.276	R	4548804	4549078	977.0	522.6	1295
630.682	1.62	L	4549098	4550716	984.8	500.3	1343
630.682	1.62	R	4549098	4550716	989.8	490.9	1364
632.342	0.816	L	4550758	4551572	1297.4	506.1	1419
632.34	0.818	R	4550756	4551572	1311.4	493.7	1395
633.306	0.418	L	4551722	4552138	1295.6	506.6	1120
633.306	0.42	R	4551722	4552140	1286.5	499.5	1174
633.766	2.47	R	4552182	4554650	986.4	494.2	1415
633.764	2.474	L	4552180	4554652	983.2	490.0	1383
636.298	0.546	L	4554714	4555258	1586.0	543.4	1405
636.294	0.55	R	4554710	4555258	1606.3	482.4	1420
636.992	0.508	L	4555408	4555914	1609.3	536.7	1101
636.992	0.51	R	4555408	4555916	1592.7	502.5	1213
637.556	2.5	R	4555972	4558470	986.7	504.2	1289
637.554	2.504	L	4555970	4558472	996.2	509.8	1190
640.108	0.144	L	4558524	4558666	1482.3	531.7	1330
640.106	0.148	R	4558522	4558668	1493.6	507.4	1329
640.342	0.19	L	4558758	4558946	147.6	571.9	1419
640.338	0.194	R	4558754	4558946	95.0	537.2	1510
640.68	0.496	R	4559096	4559590	117.2	558.2	1364
640.68	0.498	L	4559096	4559592	153.6	591.5	1348
641.242	2.312	R	4559658	4561968	992.5	502.4	1297
641.244	2.312	L	4559660	4561970	989.0	501.8	1271
643.616	0.222	R	4562032	4562252	1584.2	480.5	1279
643.618	0.222	L	4562034	4562254	1562.2	486.7	1270
643.88	0.338	L	4562296	4562632	1856.5	470.3	1117
643.878	0.34	R	4562294	4562632	1870.2	456.5	1161
644.368	0.522	L	4562784	4563304	1778.8	496.1	978
644.368	0.524	R	4562784	4563306	1760.4	479.6	1074
644.952	6.32	R	4563368	4569686	985.7	503.1	1326
644.95	6.324	L	4563366	4569688	990.2	511.9	1274
651.346	0.2	R	4569762	4569960	1805.1	491.4	1314
651.346	0.202	L	4569762	4569962	1781.2	503.4	1312
651.574	0.336	L	4569990	4570324	1890.5	512.6	1174
651.572	0.338	R	4569988	4570324	1901.3	500.0	1200
652.06	0.496	L	4570476	4570970	1905.4	512.0	1041
652.06	0.498	R	4570476	4570972	1916.8	509.5	1155
652.63	0.178	R	4571046	4571222	956.7	530.2	1391
652.646	6.332	L	4571062	4577392	986.2	506.7	1240
652.826	6.154	R	4571242	4577394	978.1	506.0	1296
659.022	0.578	L	4577438	4578014	663.9	516.4	1393
659.022	0.578	R	4577438	4578014	671.1	507.4	1418
659.748	0.554	L	4578164	4578716	674.0	509.8	1336
659.748	0.554	R	4578164	4578716	664.0	518.3	1296
660.346	6.218	R	4578762	4584978	988.8	507.2	1387
660.348	6.218	L	4578764	4584980	988.7	526.4	1346
666.642	0.032	L	4585058	4585088	1935.8	550.8	1189
666.642	0.032	R	4585058	4585088	1962.0	535.6	1240
666.694	0.394	R	4585110	4585502	1849.9	484.2	1345
666.692	0.398	L	4585108	4585504	1833.6	499.5	1288
667.108	0.182	L	4585524	4585704	1897.9	501.1	1192
667.11	0.18	R	4585526	4585704	1909.7	490.5	1275
667.466	0.006	L	4585882	4585886	1957.1	835.9	883
667.474	0.018	R	4585890	4585906	1922.6	896.8	1018
667.556	0.362	L	4585972	4586332	1927.4	478.7	1083
667.538	0.384	R	4585954	4586336	1944.4	455.6	1229
668.138	0.122	R	4586554	4586674	944.0	490.0	1513
668.174	0.09	L	4586590	4586678	963.3	539.2	1286
668.282	0.166	L	4586698	4586862	994.2	506.5	1362
668.28	0.182	R	4586696	4586876	985.2	507.9	1466
668.686	1.758	L	4587102	4588858	999.6	508.1	1218
668.662	1.784	R	4587078	4588860	990.8	501.2	1283
670.494	0.106	L	4588910	4589014	445.2	555.5	1406
670.494	0.108	R	4588910	4589016	445.3	537.0	1461
670.646	0.146	L	4589062	4589206	-27.6	605.8	1407
670.648	0.144	R	4589064	4589206	-72.6	524.5	1470
670.818	0.16	L	4589234	4589392	98.2	577.6	1406
670.818	0.16	R	4589234	4589392	64.7	544.9	1426
671.126	0.384	R	4589542	4589924	60.6	555.4	1272
671.126	0.386	L	4589542	4589926	106.0	590.6	1295
671.572	6.438	L	4589988	4596424	990.0	501.9	1181
671.57	6.442	R	4589986	4596426	981.4	510.8	1262
678.082	0.36	L	4596498	4596856	116.2	549.6	1250
678.084	0.358	R	4596500	4596856	85.7	509.6	1356
678.46	0.208	L	4596876	4597082	82.0	530.0	1133
678.462	0.206	R	4596878	4597082	35.7	498.5	1179
678.816	0.09	R	4597232	4597320	35.4	500.2	1117
678.816	0.092	L	4597232	4597322	83.2	525.8	1072
678.982	0.196	L	4597398	4597592	1121.5	502.7	1128
678.98	0.2	R	4597396	4597594	1128.1	524.1	1135
679.204	2.654	R	4597620	4600272	988.0	496.6	1257
679.204	2.656	L	4597620	4600274	993.4	503.7	1144
681.93	0.426	L	4600346	4600770	1818.0	511.2	1122
681.93	0.426	R	4600346	4600770	1838.5	494.0	1189
682.504	0.054	L	4600920	4600972	1847.0	526.9	921
682.504	0.054	R	4600920	4600972	1829.8	502.3	1014
682.62	0.254	L	4601036	4601288	1125.9	502.2	961
682.622	0.252	R	4601038	4601288	1085.5	484.0	1144
682.898	2.758	R	4601314	4604070	983.8	502.3	1139
682.898	6.502	L	4601314	4607814	1006.0	497.5	1068
685.672	3.728	R	4604088	4607814	983.6	507.8	1175
689.47	0.576	L	4607886	4608460	1637.5	524.7	1027
689.47	0.576	R	4607886	4608460	1629.8	516.2	1110
690.194	0.58	L	4608610	4609188	1624.8	522.4	851
690.194	0.582	R	4608610	4609190	1595.7	506.2	981
690.83	0.114	L	4609246	4609358	1088.2	543.5	836
690.832	0.114	R	4609248	4609360	1046.7	549.9	1007
690.968	2.016	R	4609384	4611398	973.9	503.6	1136
690.966	2.02	L	4609382	4611400	1007.3	496.4	980
693.058	0.262	R	4611474	4611734	1825.1	539.4	1191
693.06	0.264	L	4611476	4611738	1818.4	538.2	1097
693.346	0.388	L	4611762	4612148	1924.3	515.8	898
693.346	0.388	R	4611762	4612148	1910.2	505.5	1003
693.882	0.44	L	4612298	4612736	1919.2	518.1	879
693.882	0.44	R	4612298	4612736	1910.7	510.2	1064
694.4	2.286	L	4612816	4615100	1006.5	500.6	1048
694.388	2.298	R	4612804	4615100	983.3	508.6	1175
696.726	0.694	L	4615142	4615834	684.3	510.5	1176
696.728	0.692	R	4615144	4615834	652.3	526.2	1224
697.568	0.472	R	4615984	4616454	661.5	539.0	1131
697.568	0.474	L	4615984	4616456	687.1	517.8	1100
698.08	0.28	R	4616496	4616774	976.1	525.7	1233
698.376	6.044	R	4616792	4622834	982.0	497.7	1304
698.08	6.342	L	4616496	4622836	987.5	500.2	1236
704.492	0.246	L	4622908	4623152	1742.3	447.0	1255
704.492	0.246	R	4622908	4623152	1759.0	426.0	1276
704.764	0.348	L	4623180	4623526	1866.2	476.8	1100
704.762	0.35	R	4623178	4623526	1861.7	473.1	1180
705.26	0.026	L	4623676	4623700	1832.8	509.1	966
705.26	0.026	R	4623676	4623700	1809.9	504.2	1104
705.358	0.256	R	4623774	4624028	921.6	566.9	1251
705.356	0.26	L	4623772	4624030	958.1	552.6	1042
705.636	0.496	L	4624052	4624546	1009.0	504.1	1123
705.638	0.898	R	4624054	4624950	969.9	522.2	1239
706.148	2.106	L	4624564	4626668	998.0	500.9	1246
706.552	1.702	R	4624968	4626668	1004.2	510.3	1353
708.29	0.178	L	4626706	4626882	1285.5	494.8	1326
708.29	0.178	R	4626706	4626882	1299.1	509.6	1403
708.486	0.114	L	4626902	4627014	1322.1	496.5	1350
708.486	0.114	R	4626902	4627014	1331.4	509.3	1428
708.616	0.182	L	4627032	4627212	1291.1	502.8	1286
708.618	0.18	R	4627034	4627212	1291.9	507.5	1361
709.056	0.316	L	4627472	4627786	1299.8	541.0	1127
709.026	0.346	R	4627442	4627786	1300.1	517.8	1223
709.408	5.402	L	4627824	4633224	975.3	510.1	1255
709.41	5.402	R	4627826	4633226	993.0	521.7	1309
714.828	0.888	L	4633244	4634130	970.7	512.7	1142
714.828	0.89	R	4633244	4634132	975.1	515.0	1215
715.778	0.248	L	4634194	4634440	178.5	593.8	1272
715.78	0.246	R	4634196	4634440	145.1	578.6	1397
716.046	0.41	L	4634462	4634870	121.6	572.5	1154
716.048	0.408	R	4634464	4634870	73.9	542.9	1245
716.604	0.518	R	4635020	4635536	434.6	555.2	1180
716.606	0.518	L	4635022	4635538	456.8	554.6	1134
717.172	6.31	L	4635588	4641896	993.7	522.5	1077
717.172	6.31	R	4635588	4641896	976.3	521.3	1165
723.542	0.604	L	4641958	4642560	1608.6	527.2	1093
723.542	0.604	R	4641958	4642560	1605.4	519.7	1173
724.294	0.506	L	4642710	4643214	1621.3	517.1	868
724.294	0.506	R	4642710	4643214	1595.2	521.2	1008
724.85	0.426	L	4643266	4643690	1003.7	516.9	1005
724.852	0.434	R	4643268	4643700	970.9	522.5	1201
725.48	5.668	R	4643896	4649562	975.4	499.9	1223
725.508	5.642	L	4643924	4649564	989.9	500.6	1095
731.192	0.646	L	4649608	4650252	1301.3	499.9	1141
731.192	0.646	R	4649608	4650252	1292.5	492.4	1247
731.988	0.46	L	4650404	4650862	1307.9	511.8	981
731.988	0.462	R	4650404	4650864	1284.7	516.4	1109
732.486	2.484	L	4650902	4653384	1007.3	499.5	1103
732.488	2.484	R	4650904	4653386	986.1	501.7	1211
735.032	0.122	L	4653448	4653568	310.3	521.6	1190
735.034	0.12	R	4653450	4653568	257.4	527.1	1298
735.174	0.35	L	4653590	4653938	363.9	518.1	1198
735.174	0.35	R	4653590	4653938	331.8	522.9	1275
735.672	0.44	R	4654088	4654526	324.0	528.8	1059
735.672	0.442	L	4654088	4654528	360.4	546.3	1012
736.162	0.142	R	4654578	4654718	947.0	520.2	1108
736.32	0.938	R	4654736	4655672	965.3	517.1	1153
737.278	5.134	R	4655694	4660826	964.8	507.1	1215
736.164	6.25	L	4654580	4660828	977.6	504.0	1094
742.456	0.76	L	4660872	4661630	1298.6	507.1	1058
742.454	0.762	R	4660870	4661630	1282.5	499.8	1146
743.366	0.666	L	4661782	4662446	1300.5	501.8	965
743.366	0.668	R	4661782	4662448	1278.7	505.9	1126
744.072	6.076	L	4662488	4668562	985.1	498.6	1082
744.074	6.076	R	4662490	4668564	964.3	507.1	1179
750.212	0.694	L	4668628	4669320	365.6	543.7	995
750.214	0.692	R	4668630	4669320	327.3	544.2	1097
751.056	0.592	R	4669472	4670062	325.0	535.9	954
751.056	0.594	L	4669472	4670064	393.0	537.0	873
751.702	0.468	L	4670118	4670584	1005.2	497.9	1030
752.194	5.658	L	4670610	4676266	981.9	499.7	1107
751.7	6.154	R	4670116	4676268	968.5	501.1	1186
757.914	0.17	L	4676330	4676498	273.0	530.3	1238
757.918	0.166	R	4676334	4676498	238.0	523.0	1351
758.112	0.486	L	4676528	4677012	124.9	517.9	1120
758.114	0.484	R	4676530	4677012	58.9	495.1	1190
758.748	0.528	R	4677164	4677690	51.8	509.2	1074
758.748	0.53	L	4677164	4677692	136.3	530.2	1042
759.34	4.984	L	4677756	4682738	988.3	503.1	1145
764.34	1.11	L	4682756	4683864	987.6	508.8	1056
759.338	6.114	R	4677754	4683866	972.6	500.9	1210
765.526	0.482	R	4683942	4684422	310.1	546.1	1140
765.526	0.484	L	4683942	4684424	352.0	559.1	986
766.146	0.144	L	4684562	4684704	1557.1	582.8	1058
766.146	0.144	R	4684562	4684704	1566.8	572.9	1150
766.436	0.058	L	4684852	4684908	1547.8	583.3	1040
766.436	0.06	R	4684852	4684910	1547.3	562.1	1153
766.516	0.568	L	4684932	4685498	1580.6	508.2	930
766.518	0.566	R	4684934	4685498	1557.9	507.2	1064
767.14	0.146	L	4685556	4685700	935.3	518.3	1046
767.14	0.146	R	4685556	4685700	924.6	527.0	1219
767.306	0.148	L	4685722	4685868	997.0	502.5	1068
767.306	0.16	R	4685722	4685880	981.3	511.7	1234
767.67	1.814	L	4686086	4687898	991.6	514.3	1081
767.654	1.83	R	4686070	4687898	974.4	511.2	1227
769.524	0.334	R	4687940	4688272	683.5	500.6	1250
769.524	0.336	L	4687940	4688274	701.7	505.0	1132
769.888	0.314	R	4688304	4688616	865.0	509.8	1134
769.888	0.316	L	4688304	4688618	879.1	505.3	1079
770.228	3.022	L	4688644	4691664	984.5	510.0	1041
770.226	3.026	R	4688642	4691666	963.7	515.7	1149
773.308	0.672	L	4691724	4692394	352.5	541.6	1011
773.31	0.67	R	4691726	4692394	308.6	540.9	1089
774.13	0.512	R	4692546	4693056	309.7	555.0	1002
774.13	0.514	L	4692546	4693058	361.6	538.0	921
774.694	0.164	R	4693110	4693272	930.7	548.3	1093
774.696	0.164	L	4693112	4693274	924.8	515.9	1047
774.876	2.142	L	4693292	4695432	997.9	514.0	994
774.878	2.14	R	4693294	4695432	974.6	515.3	1114
777.034	1.264	L	4695450	4696712	985.2	504.0	1138
777.034	1.284	R	4695450	4696732	981.5	514.9	1235
778.468	2.274	R	4696884	4699156	984.0	524.8	1195
778.5	2.244	L	4696916	4699158	990.1	511.6	1090
780.78	0.23	R	4699196	4699424	1233.0	524.7	1204
780.78	0.232	L	4699196	4699426	1241.8	517.0	1126
781.03	0.524	L	4699446	4699968	1297.6	526.3	1013
781.03	0.526	R	4699446	4699970	1277.8	531.6	1123
781.634	0.038	L	4700050	4700086	122.6	595.3	998
781.634	0.038	R	4700050	4700086	67.5	574.6	1172
781.82	0.624	L	4700236	4700858	144.3	592.6	1091
781.82	0.626	R	4700236	4700860	85.8	578.0	1218
782.474	0.11	R	4700890	4700998	90.4	566.1	1205
782.462	0.124	L	4700878	4701000	127.5	583.1	1172
782.648	0.778	L	4701064	4701840	987.6	508.9	1162
782.644	0.794	R	4701060	4701852	991.9	518.8	1191
783.6	0.196	R	4702016	4702210	976.7	514.0	1298
783.626	1.566	L	4702042	4703606	975.9	507.8	1181
783.814	1.38	R	4702230	4703608	978.0	520.3	1264
785.272	0.086	L	4703688	4703772	54.0	537.9	1289
785.272	0.086	R	4703688	4703772	33.9	521.1	1448
785.506	0.708	R	4703922	4704628	45.2	532.8	1290
785.506	0.71	L	4703922	4704630	91.1	556.9	1214
786.278	2.038	L	4704694	4706730	990.8	522.8	1176
786.276	2.042	R	4704692	4706732	982.7	529.4	1285
788.394	0.214	R	4706810	4707022	35.6	549.6	1384
788.39	0.22	L	4706806	4707024	74.3	575.2	1229
788.628	0.418	L	4707044	4707460	125.1	539.6	1095
788.628	0.418	R	4707044	4707460	60.5	532.1	1165
