onset	duration	eye	startTime	stopTime	xStart	yStart	xEnd	yEnd	ampDeg	vPeak
0.18	0.034	L	493894	493926	1216.4	411.3	1381.8	578.7	5.51	260
0.178	0.04	R	493892	493930	1362.1	463.6	1544.9	676.4	6.58	250
0.402	0.044	L	494116	494158	1379.2	586.6	938.6	553.3	10.34	432
0.402	0.046	R	494116	494160	1532.6	703.3	1077.8	603.4	10.92	399
1.34	0.182	R	495054	495234	1054.6	587.6	1044.8	509.1	1.92	1582
1.36	0.182	L	495074	495254	918.6	559.7	923.9	575.4	0.40	1865
3.482	0.02	R	497196	497214	1041.1	594.4	1083.7	598.0	1.02	70
3.616	0.016	L	497330	497344	948.3	556.1	919.4	558.7	0.69	61
3.616	0.016	R	497330	497344	1064.5	596.7	1033.9	601.0	0.74	65
6.654	0.04	L	500368	500406	913.3	564.9	636.3	563.7	6.60	265
6.654	0.042	R	500368	500408	1035.9	601.7	756.9	586.8	6.66	252
6.954	0.018	L	500668	500684	634.7	577.0	600.9	579.6	0.81	66
6.956	0.016	R	500670	500684	758.4	596.3	730.5	596.7	0.67	60
8.04	0.026	L	501754	501778	848.6	547.4	978.4	547.3	3.09	181
8.038	0.028	R	501752	501778	932.8	574.2	1066.3	586.2	3.19	189
11.046	0.088	L	504760	504846	932.7	554.9	2023.8	349.8	22.46	340
11.044	0.124	R	504758	504880	1033.5	593.3	2158.8	391.0	23.98	745
11.848	0.05	L	505562	505610	2009.2	369.1	1653.2	404.7	7.18	275
11.848	0.05	R	505562	505610	2104.0	420.4	1734.2	491.9	7.58	253
12.108	0.028	L	505822	505848	1630.5	413.7	1781.6	385.9	3.23	192
12.536	0.058	L	506250	506306	1753.3	385.0	1027.3	449.8	16.11	491
12.91	1.35	L	506624	507972	876.4	436.8	880.3	437.6	0.10	35
12.112	2.688	R	505826	508512	1720.3	506.6	1040.6	594.6	15.38	92
15.83	0.026	L	509544	509568	913.0	534.6	813.5	520.9	2.38	150
15.83	0.026	R	509544	509568	998.0	599.5	904.1	580.8	2.27	143
16.044	0.056	L	509758	509812	825.4	530.5	293.6	412.1	12.65	348
16.044	0.056	R	509758	509812	904.1	577.4	407.4	455.5	11.88	303
16.43	0.05	R	510144	510192	356.0	445.4	931.3	567.9	13.64	469
16.432	0.05	L	510146	510194	291.5	419.1	839.4	548.3	13.06	415
16.78	0.026	R	510494	510518	931.2	568.5	1043.3	587.4	2.67	172
16.782	0.026	L	510496	510520	865.3	550.8	967.6	567.7	2.44	154
17.12	0.024	L	510834	510856	959.1	562.3	891.5	563.5	1.59	110
17.12	0.024	R	510834	510856	1032.0	588.9	966.1	590.4	1.55	105
17.306	0.018	L	511020	511036	903.9	555.8	935.7	563.7	0.77	64
17.306	0.018	R	511020	511036	986.3	584.7	1018.3	592.3	0.77	66
18.33	0.118	L	512044	512160	940.4	555.8	941.6	587.8	0.76	2438
18.292	1.258	R	512006	513262	1017.2	477.9	1035.6	489.6	0.52	302
19.658	0.044	R	513372	513414	1053.3	551.6	1351.9	564.7	6.97	413
19.658	0.046	L	513372	513416	918.7	545.4	1227.1	547.6	7.19	383
19.922	0.018	L	513636	513652	1276.0	550.2	1245.6	543.0	0.72	61
20.814	0.024	L	514528	514550	982.2	524.1	899.3	536.3	1.99	130
20.816	0.024	R	514530	514552	1068.1	615.6	992.1	618.5	1.81	120
21.06	0.162	R	514774	514934	1007.0	596.8	1049.4	541.5	1.66	2290
21.062	0.166	L	514776	514940	901.9	503.3	947.2	462.3	1.45	1501
21.77	0.186	L	515484	515668	944.8	562.4	930.7	591.8	0.78	1458
21.384	0.614	R	515098	515710	1107.0	542.8	1107.1	540.5	0.06	16
23.732	0.032	R	517446	517476	1027.5	604.2	1276.5	627.3	5.89	323
23.734	0.032	L	517448	517478	934.1	564.7	1165.3	567.0	5.45	275
23.962	0.038	R	517676	517712	1258.0	627.1	1643.5	643.2	8.70	400
23.964	0.04	L	517678	517716	1167.1	577.3	1528.3	583.7	8.15	333
24.656	0.106	R	518370	518474	.	.	.	.	0.00	21
24.902	0.564	R	518616	519178	.	.	998.8	551.4	3.4e+006	1955
25.284	0.188	L	518998	519184	1018.7	492.3	910.0	503.3	2.58	1080
32.056	0.034	R	525770	525802	1025.8	588.1	1309.3	603.1	6.64	327
32.056	0.036	L	525770	525804	958.3	555.3	1231.8	553.9	6.40	285
33.472	0.05	L	527186	527234	1276.9	542.5	1537.4	503.5	5.89	159
33.472	0.052	R	527186	527236	1326.5	606.1	1616.6	523.5	6.75	176
33.662	0.052	L	527376	527426	1557.6	509.4	999.0	532.8	12.65	403
33.662	0.052	R	527376	527426	1605.9	569.0	1062.7	579.8	12.29	345
33.97	0.026	L	527684	527708	988.9	540.1	872.6	546.4	2.75	173
33.97	0.026	R	527684	527708	1059.8	578.3	952.4	583.3	2.54	157
34.216	0.022	R	527930	527950	958.1	590.2	1032.0	592.1	1.75	124
34.214	0.026	L	527928	527952	873.8	548.2	952.0	551.1	1.85	120
40.37	0.182	R	534084	534264	1020.6	596.8	1764.1	415.8	17.05	1092
40.384	0.178	L	534098	534274	967.5	509.4	1695.6	339.7	16.67	1396
40.996	0.018	L	534710	534726	1664.2	319.8	1628.7	319.3	0.75	61
40.996	0.018	R	534710	534726	1733.8	439.3	1697.4	433.1	0.78	62
41.34	0.02	R	535054	535072	1694.8	440.5	1652.8	434.0	0.91	68
41.34	0.02	L	535054	535072	1635.0	319.7	1593.5	314.5	0.90	68
41.636	0.058	L	535350	535406	1593.9	317.9	946.3	537.6	15.44	437
41.638	0.056	R	535352	535406	1645.5	436.3	1027.1	639.0	14.69	396
41.952	0.02	L	535666	535684	935.9	549.9	889.7	540.6	1.11	86
41.954	0.018	R	535668	535684	1011.1	634.0	976.6	622.2	0.86	70
42.122	0.134	R	535836	535968	974.8	619.8	981.2	578.5	1.00	792
42.126	0.136	L	535840	535974	893.0	527.7	903.5	524.0	0.26	2813
42.498	0.018	L	536212	536228	910.1	558.3	946.5	554.1	0.87	70
42.496	0.02	R	536210	536228	981.6	613.8	1024.2	609.4	1.01	77
42.954	0.174	L	536668	536840	960.9	529.8	970.2	514.7	0.42	1349
42.952	0.184	R	536666	536848	1014.6	588.3	1043.0	538.8	1.36	1458
44.582	0.138	R	538296	538432	1029.5	578.9	1032.2	554.2	0.59	1177
44.582	0.146	L	538296	538440	951.5	535.8	947.0	504.3	0.76	1511
45.104	0.018	R	538818	538834	1024.5	594.6	1067.5	601.7	1.03	83
45.104	0.02	L	538818	538836	951.2	565.4	988.3	574.2	0.90	68
48.812	0.056	L	542526	542580	946.7	552.9	371.0	529.4	13.48	387
48.814	0.054	R	542528	542580	1025.7	607.6	493.9	590.7	12.45	331
49.078	0.024	L	542792	542814	367.4	535.6	289.0	548.0	1.82	124
49.078	0.024	R	542792	542814	487.3	596.2	407.5	605.5	1.85	125
50.054	0.14	R	543768	543906	405.2	577.4	968.0	526.0	13.16	375
50.054	0.154	L	543768	543920	313.3	529.5	903.4	482.6	13.78	1492
50.51	0.026	R	544224	544248	960.4	554.6	1073.1	577.1	2.72	177
50.512	0.026	L	544226	544250	902.1	514.7	1008.1	535.6	2.56	164
50.808	0.024	L	544522	544544	1015.0	532.8	947.9	539.3	1.59	109
50.81	0.022	R	544524	544544	1066.9	575.5	1007.5	576.2	1.40	100
55.978	0.016	L	549692	549706	961.7	530.3	989.2	530.1	0.65	56
55.978	0.016	R	549692	549706	1006.5	575.1	1035.6	575.2	0.68	58
57.158	0.048	R	550872	550918	1001.3	576.2	1563.2	605.7	12.75	469
57.16	0.05	L	550874	550922	954.5	540.6	1504.1	541.5	12.43	387
57.348	0.022	L	551062	551082	1518.8	542.9	1587.9	542.1	1.50	108
57.348	0.022	R	551062	551082	1559.5	617.6	1635.8	613.1	1.66	121
58.236	0.058	L	551950	552006	1601.6	537.6	947.7	524.6	14.70	417
58.236	0.06	R	551950	552008	1620.8	598.7	993.4	566.4	14.12	347
58.584	0.142	R	552298	552438	960.5	553.1	904.6	544.5	1.33	349
58.584	0.158	L	552298	552454	923.1	507.9	864.4	511.1	1.38	1102
59.124	0.026	L	552838	552862	855.2	545.4	957.7	552.0	2.42	155
59.124	0.026	R	552838	552862	905.2	569.0	1000.5	573.5	2.25	155
59.682	0.144	R	553396	553538	1009.8	539.8	1021.4	512.5	0.70	1008
59.672	0.194	L	553386	553578	975.3	528.4	979.9	519.9	0.23	1485
61.484	0.058	L	555198	555254	983.5	547.0	322.0	527.3	15.32	420
61.484	0.058	R	555198	555254	1015.3	573.6	401.2	572.5	14.22	348
62.526	0.05	R	556240	556288	405.1	569.8	869.8	573.3	10.79	340
62.526	0.052	L	556240	556290	347.4	532.9	824.2	553.6	11.09	306
62.854	0.11	R	556568	556676	868.2	570.8	994.6	510.1	3.31	321
62.854	0.152	L	556568	556718	835.0	538.2	960.3	491.6	3.16	1496
63.214	0.024	L	556928	556950	951.1	524.8	1035.9	554.3	2.12	139
63.214	0.024	R	556928	556950	980.4	547.1	1066.8	568.4	2.10	147
63.43	0.022	L	557144	557164	1033.5	550.6	961.3	549.2	1.70	123
63.43	0.022	R	557144	557164	1056.9	576.8	982.9	573.1	1.74	125
69.866	0.096	R	563580	563674	1015.5	595.4	2016.6	467.7	21.59	658
69.866	0.098	L	563580	563676	946.9	549.4	1918.4	472.7	20.83	308
70.172	0.024	L	563886	563908	1933.6	479.5	1807.3	475.5	2.53	175
70.172	0.024	R	563886	563908	1978.6	533.2	1859.7	534.7	2.38	162
70.512	0.016	L	564226	564240	1798.7	474.6	1765.7	474.9	0.68	56
71.09	0.168	R	564804	564970	1046.9	589.7	1001.0	559.3	1.30	993
71.102	0.184	L	564816	564998	960.2	500.5	929.3	510.7	0.77	2342
71.458	0.022	L	565172	565192	938.1	544.5	1003.5	551.3	1.55	108
71.458	0.022	R	565172	565192	996.5	585.1	1059.7	591.3	1.50	107
71.718	0.022	L	565432	565452	1005.6	554.2	939.7	553.1	1.55	111
71.718	0.022	R	565432	565452	1053.1	591.8	995.1	593.9	1.37	99
72.192	0.158	R	565906	566062	995.8	578.9	996.9	539.7	0.93	1242
72.184	0.192	L	565898	566088	962.3	539.8	944.8	526.8	0.52	1375
74.132	0.05	R	567846	567894	1007.7	577.4	1544.0	515.9	12.29	428
74.132	0.052	L	567846	567896	970.1	549.9	1485.4	507.8	11.77	356
75.262	0.028	L	568976	569002	1002.8	539.7	863.0	544.1	3.30	221
75.264	0.026	R	568978	569002	1044.4	573.9	914.9	577.3	3.06	198
75.634	0.182	R	569348	569528	930.7	565.0	985.1	540.4	1.41	837
75.626	0.212	L	569340	569550	867.6	537.8	900.4	506.0	1.08	1341
76.006	0.02	R	569720	569738	970.6	606.0	1022.1	604.8	1.22	92
76.006	0.022	L	569720	569740	898.7	559.4	951.1	562.2	1.24	92
78.502	0.05	L	572216	572264	955.3	548.8	559.8	455.5	9.56	308
78.502	0.05	R	572216	572264	1009.9	601.3	644.6	514.4	8.83	266
78.758	0.034	L	572472	572504	535.5	462.1	236.3	404.0	7.01	392
78.76	0.034	R	572474	572506	575.2	481.8	288.6	426.8	6.72	347
79.632	0.182	L	573346	573526	808.1	502.7	307.0	421.2	11.78	1025
79.634	0.182	R	573348	573528	842.9	502.8	352.3	399.5	11.64	906
79.946	0.138	R	573660	573796	348.3	426.1	645.0	442.0	6.89	815
79.944	0.154	L	573658	573810	303.4	424.9	577.4	456.2	6.39	1119
80.22	0.034	R	573934	573966	644.3	495.0	944.5	550.7	7.20	386
80.222	0.034	L	573936	573968	581.2	477.0	875.8	525.2	7.04	346
80.402	0.022	L	574116	574136	873.6	524.3	939.5	543.0	1.62	121
80.4	0.024	R	574114	574136	931.9	560.9	1008.4	579.1	1.86	139
80.704	0.154	R	574418	574570	985.1	548.2	996.8	519.0	0.75	1738
80.696	0.172	L	574410	574580	942.5	540.6	951.2	584.2	1.06	1860
81.106	0.018	L	574820	574836	957.8	563.3	989.0	555.4	0.76	60
81.106	0.018	R	574820	574836	1001.4	592.4	1034.6	587.0	0.79	65
82.544	0.034	L	576258	576290	950.2	559.9	706.7	550.3	5.77	311
82.546	0.032	R	576260	576290	1007.9	578.4	780.1	573.7	5.39	285
82.708	0.022	L	576422	576442	707.8	556.2	632.8	560.9	1.78	132
82.708	0.024	R	576422	576444	774.0	577.4	693.9	581.0	1.90	136
83.998	0.142	R	577712	577852	973.9	574.3	998.0	523.3	1.34	1557
84.01	0.142	L	577724	577864	913.1	543.4	942.7	552.4	0.73	1510
84.49	0.026	L	578204	578228	925.1	539.4	1029.9	555.7	2.50	150
84.49	0.026	R	578204	578228	991.0	564.2	1101.7	581.0	2.64	162
84.73	0.026	L	578444	578468	1035.1	544.3	926.9	550.8	2.55	163
84.732	0.024	R	578446	578468	1084.9	573.9	985.7	575.5	2.34	153
84.94	0.016	R	578654	578668	996.5	578.3	1024.7	584.8	0.68	57
84.94	0.018	L	578654	578670	943.9	556.3	972.1	564.4	0.69	55
85.582	0.106	R	579296	579400	994.6	554.1	1001.5	531.3	0.57	1009
85.574	0.126	L	579288	579412	945.4	553.5	946.9	572.2	0.45	1634
86.12	0.018	L	579834	579850	942.1	561.8	980.5	562.0	0.91	69
86.118	0.02	R	579832	579850	988.2	573.3	1030.5	577.7	1.00	76
91.016	0.032	R	584730	584760	1008.8	584.9	1261.3	597.7	5.89	311
91.016	0.034	L	584730	584762	961.4	561.0	1204.9	559.3	5.68	268
91.096	0.04	L	584810	584848	1195.8	563.0	828.9	552.3	8.59	384
91.096	0.044	R	584810	584852	1238.9	601.4	872.9	575.1	8.58	323
91.3	0.074	L	585014	585086	817.2	554.5	64.0	374.3	17.63	474
91.3	0.076	R	585014	585088	862.6	569.9	141.1	426.1	16.74	389
91.696	0.024	L	585410	585432	98.2	408.5	3.3	349.8	2.46	166
91.696	0.024	R	585410	585432	131.1	421.3	45.7	378.9	2.09	141
92.072	0.058	R	585786	585842	66.8	379.4	909.2	562.8	19.49	570
92.072	0.06	L	585786	585844	32.0	349.7	851.1	559.8	19.12	483
92.41	0.064	R	586124	586186	907.4	571.0	239.5	408.1	15.80	388
92.408	0.09	L	586122	586210	863.8	555.3	206.4	349.7	15.90	411
92.736	0.054	R	586450	586502	290.5	394.0	1008.2	597.9	17.24	562
92.736	0.056	L	586450	586504	251.2	372.1	935.8	598.5	16.67	477
93.254	0.178	R	586968	587144	993.2	569.8	1026.0	524.2	1.34	1421
93.242	0.206	L	586956	587160	959.4	578.0	972.5	552.9	0.68	1795
93.62	0.02	R	587334	587352	1017.1	588.4	961.7	583.4	1.32	102
93.62	0.022	L	587334	587354	962.8	569.9	905.9	558.2	1.38	111
93.704	0.094	R	587418	587510	966.1	579.6	982.8	521.7	1.45	309
93.714	0.092	L	587428	587518	899.7	557.1	897.9	542.6	0.35	424
93.94	0.02	L	587654	587672	900.7	550.8	950.1	565.2	1.23	93
93.94	0.02	R	587654	587672	965.3	584.0	1014.1	593.7	1.19	93
94.546	0.018	L	588260	588276	937.4	548.5	964.8	575.0	0.91	71
94.546	0.018	R	588260	588276	985.1	573.2	1011.7	597.4	0.86	68
97.35	0.09	R	591064	591152	1019.0	572.0	1030.2	539.1	0.83	330
97.352	0.118	L	591066	591182	960.4	560.8	958.8	557.9	0.08	1367
99.322	0.048	R	593036	593082	1008.5	572.8	1535.8	589.2	12.02	406
99.322	0.05	L	593036	593084	969.8	566.3	1469.0	560.3	11.37	340
99.552	0.116	L	593266	593380	1471.1	561.1	-89.0	212.4	34.43	517
99.552	0.116	R	593266	593380	1515.9	592.5	-4.5	301.1	33.32	422
100.146	0.024	L	593860	593882	-51.0	238.6	39.4	235.5	1.93	135
100.146	0.024	R	593860	593882	4.3	288.2	105.8	275.3	2.19	158
117.884	0.05	R	611598	611646	1018.6	586.5	1532.4	598.5	11.60	378
117.884	0.052	L	611598	611648	951.3	558.2	1460.8	559.3	11.50	320
118.054	0.074	L	611768	611840	1466.8	561.0	400.6	405.3	24.07	549
118.056	0.074	R	611770	611842	1522.9	604.7	500.8	428.0	23.20	457
118.418	0.036	L	612132	612166	398.5	414.4	114.2	368.4	6.43	311
118.42	0.036	R	612134	612168	470.1	428.2	196.1	395.1	6.16	275
119.028	0.028	L	612742	612768	102.7	361.3	12.4	269.0	2.83	154
119.028	0.028	R	612742	612768	188.7	385.7	103.8	305.7	2.56	132
119.572	0.062	R	613286	613346	107.6	291.7	990.1	567.4	20.62	557
119.574	0.062	L	613288	613348	29.6	246.0	895.5	534.5	20.36	494
119.768	0.018	L	613482	613498	918.4	539.8	959.5	545.1	0.97	78
119.768	0.018	R	613482	613498	991.1	573.3	1029.4	583.0	0.92	78
120.046	0.108	R	613760	613866	1016.4	555.6	1041.2	529.8	0.84	1192
120.038	0.118	L	613752	613868	946.2	557.4	972.0	595.5	1.08	1669
125.558	0.05	R	619272	619320	1007.7	570.0	1533.0	583.5	11.81	381
125.558	0.052	L	619272	619322	954.2	566.3	1461.6	563.3	11.40	325
125.724	0.024	L	619438	619460	1471.9	559.1	1575.4	557.0	2.22	147
125.722	0.026	R	619436	619460	1530.9	581.4	1649.0	576.9	2.53	173
127.144	0.052	L	620858	620908	1554.9	549.7	1014.8	557.3	11.98	376
127.144	0.054	R	620858	620910	1617.5	577.8	1082.7	548.9	11.88	320
127.568	0.19	R	621282	621470	1015.9	542.6	972.2	514.3	1.22	1973
127.56	0.214	L	621274	621486	959.8	567.7	917.1	561.5	1.00	1735
127.87	0.02	R	621584	621602	971.6	533.9	1025.2	562.3	1.42	110
127.87	0.022	L	621584	621604	916.5	527.1	968.0	555.9	1.38	103
129.276	0.048	R	622990	623036	1005.5	571.2	1497.7	574.3	11.10	383
129.276	0.05	L	622990	623038	969.6	544.8	1430.0	527.8	10.39	324
129.44	0.08	L	623154	623232	1438.6	532.4	397.2	392.3	23.47	508
129.44	0.082	R	623154	623234	1484.3	578.8	471.2	411.5	22.94	420
129.916	0.038	L	623630	623666	387.2	417.0	153.6	354.4	5.40	229
129.916	0.038	R	623630	623666	453.3	430.7	231.8	386.3	5.04	206
130.472	0.02	L	624186	624204	140.9	348.2	91.3	337.3	1.10	79
130.474	0.02	R	624188	624206	207.4	385.9	164.1	374.4	0.98	70
130.936	0.182	R	624650	624830	161.3	364.3	1048.3	539.6	20.25	2127
130.936	0.192	L	624650	624840	94.1	321.1	989.4	558.3	20.78	1258
131.226	0.016	L	624940	624954	984.8	554.5	955.0	548.9	0.71	62
131.226	0.016	R	624940	624954	1031.4	577.2	1001.5	571.1	0.71	61
131.712	0.142	R	625426	625566	988.4	540.0	986.5	531.9	0.20	1240
131.704	0.172	L	625418	625588	954.0	554.4	945.1	555.5	0.21	1874
136.964	0.054	L	630678	630730	961.0	563.8	368.6	545.7	13.70	444
136.966	0.052	R	630680	630730	1010.3	573.6	458.8	556.5	12.76	365
137.142	0.018	R	630856	630872	434.1	557.4	398.9	570.4	0.86	71
138.464	0.062	L	632178	632238	334.4	548.4	985.7	587.5	15.02	368
138.464	0.074	R	632178	632250	382.5	555.7	1038.5	566.1	15.12	455
138.93	0.102	R	632644	632744	1008.7	532.5	1012.8	531.6	0.10	426
138.916	0.146	L	632630	632774	973.2	572.2	982.7	569.7	0.23	2222
144.624	0.038	L	638338	638374	959.2	553.3	652.6	547.8	7.17	318
144.624	0.04	R	638338	638376	1008.8	569.6	712.2	559.3	6.94	273
146.09	0.036	R	639804	639838	697.3	570.4	962.2	567.0	6.28	294
146.09	0.038	L	639804	639840	656.3	557.2	921.5	557.3	6.28	258
146.26	0.21	R	639974	640182	967.7	563.8	1026.1	535.7	1.54	1206
146.26	0.232	L	639974	640204	935.7	560.6	987.3	610.4	1.71	1666
152.404	0.076	R	646118	646192	1001.9	597.5	303.8	406.6	16.57	303
152.404	0.078	L	646118	646194	950.6	549.4	207.4	344.8	17.63	370
152.742	0.024	R	646456	646478	284.3	403.6	221.9	346.3	1.90	116
152.74	0.028	L	646454	646480	218.4	355.9	146.3	280.8	2.34	141
152.964	0.03	L	646678	646706	149.4	273.1	2.6	176.4	3.82	191
152.966	0.028	R	646680	646706	209.8	335.7	77.8	252.6	3.39	171
153.236	0.048	L	646950	646996	-4.4	161.9	17.4	44.9	2.58	126
153.236	0.048	R	646950	646996	66.3	226.0	67.7	101.7	2.70	125
153.97	0.074	L	647684	647756	49.5	44.6	923.6	485.2	21.83	448
153.97	0.074	R	647684	647756	89.6	109.7	994.5	522.1	22.17	474
154.228	0.022	R	647942	647962	988.3	542.6	1025.3	597.6	1.57	126
154.228	0.022	L	647942	647962	933.5	500.7	973.8	554.8	1.60	121
154.454	0.178	R	648168	648344	1019.5	576.1	1036.1	536.0	1.03	1532
154.46	0.204	L	648174	648376	954.8	539.8	989.4	556.7	0.91	1620
154.87	0.202	R	648584	648784	1000.0	556.8	1047.3	511.9	1.54	1270
154.858	0.24	L	648572	648810	969.1	543.5	1001.6	537.5	0.78	1613
155.978	0.072	R	649692	649762	1010.6	520.5	1006.9	539.7	0.46	302
155.966	0.106	L	649680	649784	965.6	558.0	969.8	559.4	0.10	458
159.312	0.018	L	653026	653042	960.9	557.6	920.1	553.8	0.96	80
159.312	0.018	R	653026	653042	1000.9	584.5	962.8	581.8	0.90	75
159.472	0.018	R	653186	653202	971.4	583.9	1010.1	591.4	0.93	75
159.472	0.02	L	653186	653204	926.2	556.6	965.2	562.3	0.93	71
159.998	0.034	R	653712	653744	1004.6	584.0	1266.8	588.5	6.10	298
159.998	0.036	L	653712	653746	952.9	561.9	1209.6	552.2	5.97	269
160.16	0.02	R	653874	653892	1272.4	586.7	1328.9	591.6	1.30	97
160.16	0.022	L	653874	653894	1223.9	551.8	1280.5	553.3	1.29	98
161.562	0.046	L	655276	655320	1262.5	511.5	976.7	537.4	6.61	212
161.534	0.08	R	655248	655326	1327.9	575.5	1013.9	549.9	7.28	225
161.83	0.21	R	655544	655752	1011.1	568.6	1003.7	543.0	0.63	2037
161.832	0.25	L	655546	655794	968.5	563.3	950.8	573.7	0.48	1638
163.694	0.036	L	657408	657442	916.8	562.6	661.6	541.7	6.03	283
163.694	0.038	R	657408	657444	987.0	575.6	742.2	558.5	5.77	244
163.87	0.02	L	657584	657602	660.9	543.8	622.5	550.5	0.92	73
163.87	0.02	R	657584	657602	733.7	556.9	693.1	561.5	0.96	74
165.0	0.016	L	658714	658728	647.9	564.1	619.2	557.6	0.69	61
165.134	0.036	R	658848	658882	674.9	545.7	965.9	549.3	6.84	341
165.136	0.036	L	658850	658884	636.3	554.1	911.7	554.8	6.47	299
165.334	0.02	R	659048	659066	963.3	557.8	1002.6	563.0	0.93	73
165.334	0.02	L	659048	659066	922.0	554.0	962.9	560.2	0.97	77
165.588	0.2	R	659302	659500	994.1	560.0	1040.3	512.8	1.56	1654
165.592	0.228	L	659306	659532	961.0	552.2	1001.9	547.6	0.97	1676
165.906	0.018	L	659620	659636	990.0	554.1	959.6	556.9	0.72	59
165.906	0.018	R	659620	659636	1023.5	553.9	991.0	556.9	0.77	62
171.374	0.038	L	665088	665124	954.1	561.3	679.8	541.6	6.46	291
171.374	0.04	R	665088	665126	1001.3	579.2	733.1	556.6	6.33	254
171.534	0.104	L	665248	665350	669.7	540.0	1847.4	485.8	25.30	435
171.534	0.11	R	665248	665356	721.9	557.2	1968.9	491.6	26.80	535
171.77	0.03	L	665484	665512	1854.3	503.2	1602.5	464.2	5.24	298
171.77	0.032	R	665484	665514	1921.2	554.1	1687.3	510.5	4.90	268
172.262	0.026	R	665976	666000	1659.5	500.8	1765.7	521.5	2.27	152
172.264	0.024	L	665978	666000	1615.2	458.2	1717.7	482.5	2.22	147
172.888	0.028	R	666602	666628	1755.8	526.7	1916.3	497.9	3.31	193
172.888	0.03	L	666602	666630	1716.4	483.0	1871.8	448.2	3.24	174
173.274	0.074	L	666988	667060	1856.1	457.4	894.9	536.2	20.82	445
173.274	0.076	R	666988	667062	1901.2	495.4	951.7	535.9	20.51	429
173.568	0.024	L	667282	667304	899.0	555.3	978.4	563.5	1.88	133
173.568	0.024	R	667282	667304	939.5	574.7	1015.8	586.7	1.82	133
173.708	0.13	R	667422	667550	1009.8	572.1	1018.8	551.4	0.54	452
173.716	0.142	L	667430	667570	973.7	561.1	985.9	610.7	1.21	1636
174.884	0.09	R	668598	668686	999.7	561.4	971.8	535.2	0.91	458
174.892	0.11	L	668606	668714	966.3	562.9	929.4	552.9	0.90	659
175.122	0.052	L	668836	668886	923.6	552.7	325.0	549.8	13.87	427
175.124	0.052	R	668838	668888	964.9	559.7	400.2	575.6	13.09	353
175.542	0.098	R	669256	669352	404.8	579.4	1959.9	329.4	33.46	685
175.542	0.102	L	669256	669356	332.1	560.8	1818.1	353.0	31.83	622
175.988	0.054	L	669702	669754	1832.3	355.5	1732.1	324.7	2.14	133
175.99	0.052	R	669704	669754	1880.3	394.1	1784.8	372.6	1.99	124
176.41	0.024	R	670124	670146	1778.6	368.6	1704.0	359.0	1.57	107
176.41	0.024	L	670124	670146	1711.3	315.8	1634.2	308.2	1.61	110
177.06	0.058	L	670774	670830	1649.5	317.5	949.0	526.5	16.26	478
177.06	0.06	R	670774	670832	1695.6	355.4	1002.7	558.6	16.06	414
177.564	0.122	R	671278	671398	994.2	542.4	1018.6	543.3	0.57	959
177.548	0.18	L	671262	671440	958.6	552.1	965.0	598.0	1.10	1595
180.714	0.074	R	674428	674500	1009.2	550.4	1009.2	557.3	0.16	245
180.694	0.13	L	674408	674536	957.2	556.1	958.9	602.9	1.12	2038
182.742	0.034	R	676456	676488	999.2	573.1	1292.3	576.0	6.82	344
182.742	0.036	L	676456	676490	970.8	550.7	1250.9	534.2	6.53	296
182.904	0.116	R	676618	676732	1279.2	576.6	59.5	173.7	28.26	456
182.902	0.122	L	676616	676736	1251.5	538.3	-2.5	86.4	29.37	585
183.272	0.022	R	676986	677006	55.5	154.1	46.5	93.8	1.33	87
183.274	0.022	L	676988	677008	17.1	119.5	12.3	59.2	1.32	88
184.09	0.096	L	677804	677898	24.4	75.0	958.2	442.6	22.36	566
184.088	0.112	R	677802	677912	59.0	107.2	1039.7	410.1	22.85	584
184.374	0.026	L	678088	678112	975.9	452.6	966.2	565.1	2.68	188
184.372	0.028	R	678086	678112	1026.7	475.3	1008.8	599.0	2.96	190
184.562	0.15	R	678276	678424	1002.0	559.8	996.5	526.5	0.80	694
184.56	0.158	L	678274	678430	968.2	564.6	941.1	558.9	0.65	1584
184.838	0.178	L	678552	678728	947.2	568.4	942.2	561.7	0.20	1850
184.844	0.172	R	678558	678728	970.8	569.9	997.0	523.2	1.27	1234
185.73	0.178	R	679444	679620	988.9	555.5	1002.5	512.0	1.09	1421
185.726	0.188	L	679440	679626	954.2	563.5	940.6	554.3	0.39	1775
186.436	0.046	R	680150	680194	975.6	569.3	1395.5	590.2	9.68	333
186.436	0.048	L	680150	680196	940.8	553.2	1338.9	559.5	9.16	288
186.6	0.028	R	680314	680340	1400.5	592.5	1601.3	589.2	4.41	260
186.6	0.03	L	680314	680342	1353.3	561.9	1548.6	552.2	4.30	226
186.852	0.016	R	680566	680580	1589.3	595.7	1624.9	597.9	0.77	68
186.852	0.018	L	680566	680582	1545.8	556.8	1580.0	558.0	0.74	63
187.87	0.05	L	681584	681632	1563.1	558.0	1003.7	552.7	12.54	450
187.87	0.05	R	681584	681632	1624.4	607.9	1075.6	593.9	12.31	376
188.09	0.15	R	681804	681952	1046.9	571.3	1012.1	548.3	0.99	1351
188.082	0.168	L	681796	681962	1005.3	570.8	942.9	569.1	1.47	1626
188.844	0.168	R	682558	682724	989.1	576.1	1006.9	497.6	1.92	1310
188.84	0.174	L	682554	682726	954.0	571.5	944.4	546.4	0.64	1550
190.106	0.052	R	683820	683870	1000.5	568.2	1563.5	589.6	12.78	431
190.108	0.052	L	683822	683872	954.8	571.8	1481.9	568.9	11.95	356
190.268	0.022	R	683982	684002	1554.5	592.8	1636.7	588.3	1.78	134
190.268	0.024	L	683982	684004	1493.2	569.8	1575.9	568.6	1.79	127
191.638	0.2	R	685352	685550	1609.3	563.7	990.8	506.2	13.96	1826
191.65	0.204	L	685364	685566	1562.4	545.8	962.4	582.0	13.51	1608
193.84	0.036	L	687554	687588	965.5	563.0	687.7	552.3	6.56	313
193.84	0.038	R	687554	687590	986.6	553.6	725.4	547.2	6.17	263
195.258	0.036	R	688972	689006	673.5	546.1	934.7	549.6	6.16	279
195.256	0.04	L	688970	689008	655.2	558.8	923.3	569.7	6.33	252
195.442	0.292	R	689156	689446	936.6	541.8	1002.0	518.2	1.64	960
195.44	0.312	L	689154	689464	937.8	570.5	953.8	559.7	0.46	1201
197.494	0.038	R	691208	691244	994.6	572.2	1303.6	587.5	7.17	321
197.496	0.04	L	691210	691248	961.3	571.3	1257.0	574.4	6.85	270
198.424	0.056	L	692138	692192	1250.3	564.6	747.7	1685.2	26.41	1338
198.41	0.07	R	692124	692192	1299.4	587.4	2015.9	1498.6	24.86	1043
198.974	0.034	L	692688	692720	1257.3	560.7	943.1	555.8	7.28	389
198.976	0.036	R	692690	692724	1310.9	587.1	1012.0	577.8	6.93	335
199.292	0.152	R	693006	693156	1002.2	574.1	1013.0	502.4	1.73	962
199.3	0.148	L	693014	693160	961.1	569.7	949.4	552.1	0.50	1511
205.19	0.052	L	698904	698954	977.5	567.3	449.2	541.5	12.37	391
205.192	0.052	R	698906	698956	1006.1	593.2	509.3	571.6	11.65	328
205.366	0.026	L	699080	699104	449.3	545.7	330.7	559.1	2.75	176
205.366	0.026	R	699080	699104	495.6	574.4	383.7	592.2	2.61	165
206.696	0.056	R	700410	700464	372.6	576.8	958.4	545.4	13.66	421
206.698	0.056	L	700412	700466	359.4	551.4	914.8	546.4	12.92	338
206.962	0.174	R	700676	700848	986.3	535.5	997.8	517.7	0.50	1180
206.95	0.21	L	700664	700872	975.5	554.9	967.3	546.3	0.28	1522
208.452	0.12	R	702166	702284	992.4	559.7	1002.5	553.3	0.28	478
208.456	0.128	L	702170	702296	980.3	563.8	974.5	587.8	0.59	820
211.398	0.016	L	705112	705126	962.4	572.1	990.5	564.6	0.68	62
211.398	0.016	R	705112	705126	998.4	584.1	1029.3	576.5	0.75	68
211.578	0.016	L	705292	705306	981.0	567.6	952.0	574.0	0.70	63
212.42	0.084	R	706134	706216	999.7	562.2	1012.7	547.8	0.46	453
212.406	0.122	L	706120	706240	968.5	577.9	962.8	568.1	0.27	1594
212.878	0.036	L	706592	706626	946.0	568.7	657.7	565.6	6.78	324
212.878	0.038	R	706592	706628	989.2	581.1	711.1	580.2	6.54	286
213.768	0.096	L	707482	707576	657.8	563.9	.	.	3.1e+006	1481
213.774	0.09	R	707488	707576	702.5	550.7	.	.	3.1e+006	986
214.308	0.032	R	708022	708052	714.9	583.4	971.2	572.3	6.04	337
214.308	0.034	L	708022	708054	652.9	573.0	906.5	567.6	5.98	296
214.656	0.182	R	708370	708550	952.8	530.1	866.8	455.5	2.70	1182
214.648	0.208	L	708362	708568	902.9	575.7	800.9	500.6	3.00	1510
214.954	0.028	L	708668	708694	800.6	517.7	971.4	572.4	4.23	258
214.954	0.028	R	708668	708694	850.0	510.6	1015.8	560.4	4.09	260
215.896	0.02	L	709610	709628	968.0	558.8	924.7	568.5	1.04	86
215.898	0.018	R	709612	709628	993.2	587.1	956.5	599.9	0.92	76
216.294	0.332	R	710008	710338	996.7	593.9	1006.9	518.3	1.81	1320
216.302	0.33	L	710016	710344	961.9	568.2	950.6	540.6	0.71	1544
220.164	0.11	R	713878	713986	994.6	566.6	1015.7	545.6	0.70	441
220.17	0.114	L	713884	713996	957.9	562.0	970.4	571.9	0.38	449
220.562	0.048	R	714276	714322	1008.9	573.9	1559.9	600.7	12.47	440
220.564	0.048	L	714278	714324	969.4	563.3	1488.6	561.7	11.73	365
220.718	0.024	R	714432	714454	1542.8	600.2	1638.2	583.8	2.09	145
220.72	0.024	L	714434	714456	1500.2	564.5	1588.7	551.4	1.93	131
222.066	0.054	L	715780	715832	1584.1	552.0	1014.9	551.3	12.73	401
222.068	0.054	R	715782	715834	1603.7	570.7	1047.8	562.1	12.45	346
222.258	0.018	L	715972	715988	1000.0	552.4	963.1	556.5	0.87	71
222.258	0.018	R	715972	715988	1025.8	562.9	990.1	567.6	0.84	68
222.36	0.194	R	716074	716266	998.1	532.6	1002.4	514.0	0.45	1237
222.348	0.216	L	716062	716276	966.7	566.0	951.4	542.5	0.66	1070
223.548	0.172	L	717262	717432	961.8	553.2	959.8	547.0	0.15	1868
223.558	0.164	R	717272	717434	973.2	559.9	1001.0	513.6	1.28	997
225.572	0.02	L	719286	719304	971.4	560.4	1017.8	562.3	1.09	87
225.572	0.02	R	719286	719304	985.6	563.6	1038.6	565.9	1.25	99
225.71	0.016	L	719424	719438	1003.3	561.8	973.0	559.2	0.72	62
225.71	0.016	R	719424	719438	1019.2	569.8	989.3	568.6	0.70	61
228.01	0.122	R	721724	721844	980.1	540.3	1005.8	512.2	0.90	867
228.002	0.14	L	721716	721854	965.4	560.7	971.8	554.0	0.22	1228
228.266	0.048	R	721980	722026	993.6	557.5	1511.8	560.8	11.80	433
228.268	0.048	L	721982	722028	971.0	556.0	1455.0	551.2	11.01	353
228.456	0.096	L	722170	722264	1444.8	561.2	111.1	229.8	30.21	595
228.458	0.094	R	722172	722264	1489.9	573.4	191.7	261.9	29.34	485
229.012	0.028	L	722726	722752	115.0	267.6	234.6	310.0	2.81	179
229.014	0.026	R	722728	722752	155.5	285.0	272.6	319.1	2.70	178
229.564	0.02	L	723278	723296	260.7	315.2	303.4	323.9	0.98	76
229.564	0.02	R	723278	723296	305.9	333.2	346.3	341.3	0.93	76
230.032	0.198	R	723746	723942	337.1	339.8	978.7	506.8	15.33	2164
230.026	0.208	L	723740	723946	293.4	329.5	929.8	544.2	15.52	1237
230.364	0.016	R	724078	724092	969.5	570.1	999.4	581.0	0.75	66
230.364	0.018	L	724078	724094	931.9	552.5	961.2	567.2	0.77	63
230.704	0.218	R	724418	724634	993.5	556.7	1009.4	512.6	1.11	1311
230.702	0.226	L	724416	724640	951.4	564.2	951.5	544.4	0.47	1632
231.402	0.016	L	725116	725130	962.8	557.1	993.9	560.4	0.74	65
231.4	0.02	R	725114	725132	992.1	580.7	1036.6	590.8	1.08	85
232.088	0.05	R	725802	725850	988.7	571.8	1474.8	540.5	11.12	389
232.088	0.052	L	725802	725852	956.7	559.3	1405.8	504.1	10.33	300
232.53	0.03	R	726244	726272	1455.5	551.7	1644.4	583.5	4.19	214
232.53	0.032	L	726244	726274	1403.7	516.9	1590.6	558.6	4.19	197
233.808	0.166	R	727522	727686	1650.0	633.6	971.5	511.5	15.48	909
233.83	0.162	L	727544	727704	1605.8	597.4	931.1	543.9	15.18	1436
234.12	0.018	R	727834	727850	961.1	564.0	999.1	579.9	0.97	79
234.12	0.02	L	727834	727852	931.5	560.5	971.0	576.3	1.01	80
234.478	0.124	L	728192	728314	962.4	571.3	973.8	565.0	0.31	997
234.466	0.136	R	728180	728314	997.4	573.7	1024.1	530.1	1.21	1055
237.312	0.132	R	731026	731156	986.6	546.1	1009.2	527.0	0.70	1029
237.304	0.162	L	731018	731178	960.5	553.1	959.3	555.3	0.06	1497
239.64	0.05	L	733354	733402	968.5	562.1	511.7	528.4	10.78	359
239.642	0.05	R	733356	733404	995.0	568.3	556.5	536.3	10.35	302
239.778	0.08	R	733492	733570	552.7	535.7	1616.8	434.7	24.03	505
239.778	0.084	L	733492	733574	510.8	529.3	1525.6	486.4	22.80	397
239.882	0.016	R	733596	733610	1599.4	466.8	1592.7	514.9	1.11	89
240.374	0.036	L	734088	734122	1530.3	503.6	1733.2	677.5	5.82	263
240.376	0.034	R	734090	734122	1578.7	537.0	1782.6	693.1	5.57	268
241.306	0.202	R	735020	735220	1755.7	692.1	927.1	524.6	18.76	1465
241.316	0.216	L	735030	735244	1708.7	664.4	887.0	560.1	18.36	1525
241.58	0.022	L	735294	735314	889.8	564.5	959.0	569.4	1.64	123
241.58	0.022	R	735294	735314	921.9	567.0	993.9	571.2	1.71	129
242.048	0.178	R	735762	735938	978.4	553.8	991.7	518.8	0.89	1521
242.044	0.184	L	735758	735940	961.2	562.6	965.4	540.7	0.53	1533
243.32	0.04	L	737034	737072	963.5	562.9	642.1	558.1	7.59	326
243.322	0.04	R	737036	737074	990.9	574.1	686.2	572.2	7.19	288
244.87	0.038	R	738584	738620	690.1	563.9	977.0	566.1	6.79	309
244.872	0.04	L	738586	738624	657.1	558.9	943.8	568.5	6.79	274
245.092	0.224	R	738806	739028	979.5	550.4	1025.1	524.1	1.25	1260
245.084	0.246	L	738798	739042	954.0	571.1	975.0	547.7	0.75	1765
246.388	0.138	R	740102	740238	1000.3	513.2	1004.5	506.5	0.19	968
246.382	0.148	L	740096	740242	990.3	550.4	978.3	548.6	0.29	1228
251.134	0.038	L	744848	744884	975.8	567.5	1203.3	545.2	5.32	217
251.132	0.042	R	744846	744886	995.0	566.7	1285.4	560.1	6.76	303
251.46	0.03	R	745174	745202	1343.1	585.3	1528.0	614.1	4.18	228
251.46	0.032	L	745174	745204	1306.2	565.1	1491.6	586.2	4.16	205
251.72	0.026	R	745434	745458	1531.2	621.2	1643.3	669.5	2.66	163
251.72	0.028	L	745434	745460	1506.9	579.9	1622.6	637.3	2.82	170
252.648	0.02	R	746362	746380	1734.3	749.7	1764.2	713.2	1.03	74
252.65	0.02	L	746364	746382	1687.3	718.5	1708.3	683.5	0.90	64
252.996	0.228	R	746710	746936	1728.7	695.8	997.1	509.1	16.77	1081
253.016	0.23	L	746730	746958	1665.0	642.7	940.3	536.9	16.27	1817
254.26	0.19	R	747974	748162	985.0	542.0	986.4	518.4	0.56	1059
254.252	0.206	L	747966	748170	975.6	559.2	965.8	547.8	0.36	1305
254.734	0.034	R	748448	748480	981.4	564.1	1276.8	589.2	6.90	344
254.734	0.036	L	748448	748482	964.0	549.3	1245.5	569.5	6.56	298
254.962	0.018	L	748676	748692	1263.4	563.7	1307.7	557.2	1.02	84
254.962	0.018	R	748676	748692	1277.1	597.4	1316.3	594.2	0.90	74
255.534	0.152	L	749248	749398	1275.3	549.0	316.5	275.0	22.75	1623
255.528	0.158	R	749242	749398	1296.3	585.4	382.8	322.6	21.67	1395
255.966	0.034	L	749680	749712	323.5	296.4	80.6	327.2	5.44	275
255.968	0.034	R	749682	749714	370.9	325.0	137.9	377.8	5.31	255
256.412	0.02	L	750126	750144	100.1	339.9	137.9	361.6	0.97	72
256.414	0.018	R	750128	750144	153.0	384.7	188.9	394.3	0.82	68
256.654	0.052	R	750368	750418	192.6	392.5	948.5	553.8	17.66	646
256.654	0.054	L	750368	750420	143.5	366.2	882.7	538.1	17.35	557
256.894	0.022	L	750608	750628	908.1	538.0	980.2	554.8	1.75	131
256.894	0.022	R	750608	750628	945.6	554.4	1019.3	567.6	1.77	142
257.142	0.172	R	750856	751026	1003.8	538.7	993.1	530.8	0.32	1584
257.134	0.194	L	750848	751040	964.8	561.5	943.9	572.0	0.55	1969
258.262	0.19	R	751976	752164	970.8	554.0	534.8	485.5	10.38	1204
258.256	0.216	L	751970	752184	951.2	557.1	473.7	470.1	11.40	1613
258.592	0.042	R	752306	752346	532.7	518.6	1002.7	593.8	11.16	473
258.594	0.044	L	752308	752350	484.2	483.9	948.3	577.1	11.11	408
259.546	0.178	R	753260	753436	992.8	556.6	1000.3	518.6	0.93	1261
259.538	0.198	L	753252	753448	966.7	570.8	959.0	555.6	0.41	1418
262.388	0.032	R	756102	756132	1005.4	590.8	1278.0	605.0	6.36	335
262.388	0.036	L	756102	756136	966.7	567.3	1227.0	569.2	6.06	287
262.55	0.02	L	756264	756282	1232.7	568.9	1284.4	566.1	1.18	90
262.548	0.022	R	756262	756282	1271.0	608.6	1330.7	612.0	1.37	105
263.074	0.066	R	756788	756852	1320.0	596.2	1942.8	594.9	13.21	270
263.076	0.066	L	756790	756854	1278.3	562.5	1869.5	568.7	12.54	237
263.3	0.036	L	757014	757048	1860.7	570.9	2118.8	559.9	4.90	194
263.298	0.038	R	757012	757048	1920.4	594.7	2223.3	564.6	5.78	228
263.566	0.04	R	757280	757318	2241.1	566.6	2636.8	570.7	6.66	258
263.568	0.038	L	757282	757318	2140.8	561.7	2465.3	612.4	5.55	214
263.766	0.072	L	757480	757550	2455.9	621.8	1258.3	548.2	22.44	591
263.766	0.076	R	757480	757554	2623.6	587.3	1340.7	597.4	23.98	498
263.986	0.034	R	757700	757732	1333.7	606.6	1022.2	589.4	7.25	373
263.984	0.048	L	757698	757744	1268.7	557.1	986.2	552.4	6.56	432
264.286	0.148	R	758000	758146	1014.7	584.7	980.1	540.3	1.34	658
264.294	0.17	L	758008	758176	947.2	557.9	910.4	579.4	1.01	1378
264.554	0.02	L	758268	758286	921.5	581.1	980.9	582.2	1.40	108
264.554	0.02	R	758268	758286	967.1	602.4	1027.6	606.6	1.43	117
264.754	0.19	R	758468	758656	1020.8	606.1	676.6	469.3	8.74	1236
264.766	0.208	L	758480	758686	968.6	581.9	589.3	487.0	9.22	1579
265.118	0.038	R	758832	758868	657.2	514.3	1029.5	587.2	8.95	415
265.118	0.04	L	758832	758870	605.4	495.8	973.0	572.4	8.86	365
265.928	0.094	R	759642	759734	1015.3	587.1	1037.7	537.8	1.29	356
265.938	0.086	L	759652	759736	975.0	564.9	977.3	546.5	0.44	495
266.106	0.054	L	759820	759872	972.1	561.8	402.9	551.5	13.32	395
266.106	0.056	R	759820	759874	1021.2	587.4	481.0	583.6	12.64	330
266.292	0.024	L	760006	760028	404.9	551.9	314.5	560.0	2.09	151
266.292	0.024	R	760006	760028	480.3	583.9	394.2	599.5	2.02	143
267.022	0.042	L	760736	760776	346.2	571.7	342.8	562.3	0.24	57
267.624	0.052	R	761338	761388	400.7	583.7	1002.8	566.5	14.06	488
267.626	0.052	L	761340	761390	359.7	565.4	949.6	562.6	13.77	406
267.91	0.16	R	761624	761782	999.7	545.9	1034.7	517.2	1.07	1045
267.904	0.18	L	761618	761796	963.5	564.3	974.8	557.4	0.31	1765
273.766	0.044	R	767480	767522	1008.4	575.5	1459.7	586.4	10.38	426
273.768	0.044	L	767482	767524	969.6	560.0	1399.1	553.3	9.86	363
273.934	0.092	R	767648	767738	1444.9	587.7	424.6	388.7	23.60	385
273.936	0.104	L	767650	767752	1403.8	561.8	333.6	369.2	24.63	499
274.344	0.028	R	768058	768084	401.8	408.6	597.0	422.8	4.54	270
274.344	0.03	L	768058	768086	340.3	409.6	540.0	426.2	4.64	266
274.618	0.032	R	768332	768362	602.9	438.2	872.0	413.3	6.37	346
274.618	0.034	L	768332	768364	559.9	430.1	822.4	408.5	6.20	310
276.048	0.154	R	769762	769914	861.6	412.2	1027.3	549.6	5.11	1070
276.04	0.174	L	769754	769926	830.4	423.9	980.4	549.9	4.65	1052
277.478	0.034	R	771192	771224	1005.6	579.8	1259.0	590.7	5.93	288
277.48	0.036	L	771194	771228	980.6	570.7	1219.5	561.2	5.59	243
277.77	0.02	R	771484	771502	1266.9	601.9	1322.7	605.9	1.29	98
277.77	0.022	L	771484	771504	1231.3	569.5	1287.1	567.6	1.28	96
278.91	0.036	L	772624	772658	1273.9	567.1	989.9	563.4	6.61	314
278.91	0.04	R	772624	772662	1309.4	588.4	1016.2	569.6	6.84	284
279.31	0.214	R	773024	773236	1005.6	563.1	997.4	528.2	0.86	2081
279.322	0.208	L	773036	773242	991.0	573.1	963.6	565.7	0.67	1122
282.756	0.022	L	776470	776490	923.1	573.1	990.9	570.5	1.61	118
282.754	0.024	R	776468	776490	944.3	581.7	1020.2	581.1	1.80	131
284.626	0.124	R	778340	778462	997.4	548.7	1005.4	538.4	0.31	644
284.616	0.164	L	778330	778492	979.4	571.6	974.1	575.1	0.15	1498
285.096	0.04	L	778810	778848	970.9	570.2	690.5	550.8	6.67	279
285.098	0.04	R	778812	778850	998.1	584.3	725.3	571.7	6.48	247
285.35	0.068	R	779064	779130	711.4	563.3	1626.6	544.2	20.71	510
285.35	0.07	L	779064	779132	682.8	554.3	1569.5	523.0	20.07	415
285.704	0.02	L	779418	779436	1577.2	521.2	1640.5	529.8	1.37	105
285.702	0.022	R	779416	779436	1600.6	557.1	1664.0	559.7	1.36	101
287.122	0.066	L	780836	780900	1712.8	561.2	999.7	544.9	15.83	335
287.122	0.068	R	780836	780902	1735.3	593.6	1031.7	558.2	15.64	339
287.488	0.218	R	781202	781418	989.5	554.6	716.5	426.9	7.16	1149
287.484	0.246	L	781198	781442	981.3	568.4	666.2	454.3	7.94	1446
287.82	0.036	R	781534	781568	709.2	492.4	998.5	546.3	6.96	346
287.82	0.038	L	781534	781570	684.2	491.6	975.5	547.2	7.01	308
288.824	0.056	L	782538	782592	972.0	560.0	408.1	539.4	13.23	403
288.826	0.056	R	782540	782594	987.5	561.4	448.3	551.7	12.64	336
289.02	0.022	L	782734	782754	402.4	547.5	329.6	555.2	1.69	121
289.022	0.022	R	782736	782756	434.8	550.9	369.1	563.7	1.54	117
290.44	0.048	R	784154	784200	393.5	580.6	942.9	560.5	12.86	474
290.44	0.05	L	784154	784202	360.1	559.2	886.0	554.3	12.30	392
290.658	0.02	L	784372	784390	933.5	558.2	976.4	570.7	1.06	79
290.66	0.018	R	784374	784390	959.1	563.8	1002.5	574.9	1.06	85
290.876	0.132	R	784590	784720	993.8	565.9	1000.2	550.4	0.40	541
290.884	0.134	L	784598	784730	975.0	561.6	977.1	558.8	0.08	551
291.342	0.218	R	785056	785272	989.3	568.2	1007.5	522.5	1.18	1187
291.35	0.224	L	785064	785286	963.4	566.7	955.4	570.4	0.21	1020
291.936	0.274	R	785650	785922	992.5	571.1	990.9	557.1	0.34	1828
291.948	0.276	L	785662	785936	950.7	565.6	953.6	607.8	1.01	903
292.532	0.034	L	786246	786278	945.5	569.0	682.5	566.1	6.24	311
292.532	0.036	R	786246	786280	978.5	580.7	724.6	585.4	6.02	276
292.85	0.07	R	786564	786632	717.0	575.0	1707.9	558.0	22.15	539
292.85	0.072	L	786564	786634	690.9	569.2	1646.1	525.5	21.37	444
293.288	0.022	R	787002	787022	1692.9	582.3	1747.2	603.6	1.24	96
293.29	0.02	L	787004	787022	1644.9	520.5	1696.8	547.3	1.25	98
294.374	0.204	R	788088	788290	1795.3	624.4	966.8	526.7	18.47	1233
294.39	0.212	L	788104	788314	1731.3	567.1	923.1	543.0	17.91	1370
294.68	0.02	L	788394	788412	926.6	554.5	973.7	570.4	1.18	94
294.68	0.02	R	788394	788412	966.2	583.1	1013.6	596.8	1.17	96
295.836	0.21	R	789550	789758	995.6	569.4	1010.8	558.4	0.44	2096
295.832	0.226	L	789546	789770	964.1	571.1	960.8	567.7	0.11	1678
296.244	0.032	R	789958	789988	1007.7	611.0	1291.2	617.5	6.62	363
296.244	0.034	L	789958	789990	958.0	566.9	1224.6	558.9	6.22	309
296.568	0.02	L	790282	790300	1220.2	569.7	1264.2	570.4	1.02	80
296.568	0.02	R	790282	790300	1278.7	627.7	1325.8	625.6	1.09	94
296.94	0.096	L	790654	790748	1244.4	569.4	-2.6	282.5	28.62	494
296.94	0.098	R	790654	790750	1313.5	633.4	98.0	403.6	27.65	426
334.934	0.034	R	828648	828680	106.9	69.7	442.1	9.8	7.50	405
334.934	0.036	L	828648	828682	-1.9	86.7	326.0	49.6	7.27	359
335.432	0.056	L	829146	829200	331.9	44.7	745.2	408.2	12.85	420
335.432	0.056	R	829146	829200	441.5	29.9	881.4	391.5	13.30	459
335.638	0.03	L	829352	829380	764.7	416.0	933.5	574.2	5.62	346
335.638	0.03	R	829352	829380	890.5	401.5	1051.0	573.4	5.72	357
336.718	0.14	R	830432	830570	1015.3	561.3	1034.8	557.2	0.49	1247
336.706	0.19	L	830420	830608	932.6	597.7	952.5	625.3	0.84	1809
337.664	0.046	L	831378	831422	946.8	596.8	617.9	610.2	8.01	303
337.666	0.046	R	831380	831424	1037.4	568.1	726.8	574.0	7.56	247
337.818	0.04	R	831532	831570	712.6	572.5	1066.7	566.1	8.61	384
337.82	0.04	L	831534	831572	622.2	610.9	967.0	601.6	8.38	341
339.148	0.018	L	832862	832878	947.0	520.7	939.4	480.1	0.92	69
339.96	0.126	R	833674	833798	1084.6	490.7	1091.6	504.6	0.31	12
339.742	0.626	L	833456	834080	1063.6	485.1	1036.1	490.5	0.54	32
341.46	0.032	L	835174	835204	911.8	502.7	639.7	499.3	5.73	321
341.46	0.034	R	835174	835206	1014.8	541.9	746.8	523.1	5.66	278
341.624	0.016	L	835338	835352	631.4	508.1	599.0	505.0	0.69	58
341.624	0.016	R	835338	835352	728.8	533.7	697.9	530.1	0.66	54
342.16	0.18	L	835874	836052	621.5	521.2	2143.6	-449.1	34.04	1543
342.16	0.208	R	835874	836080	696.2	515.1	2333.9	-189.3	33.36	947
342.674	0.032	R	836388	836418	1682.2	-19.8	1902.2	165.1	5.57	317
342.674	0.034	L	836388	836420	1553.5	-176.0	1782.4	34.6	6.04	337
343.22	0.064	L	836934	836996	1782.3	51.0	892.1	477.0	19.89	515
343.222	0.064	R	836936	836998	1881.9	173.1	1013.9	529.0	18.89	453
343.48	0.016	R	837194	837208	1018.3	540.0	1050.3	538.3	0.69	59
343.646	0.198	R	837360	837556	1047.2	518.8	1036.4	545.5	0.63	1453
343.636	0.224	L	837350	837572	936.0	499.8	917.9	533.5	0.83	1377
344.636	0.018	L	838350	838366	921.7	514.3	955.9	509.4	0.74	61
344.636	0.018	R	838350	838366	1019.5	557.5	1063.9	560.0	0.95	77
345.434	0.114	R	839148	839260	1031.9	561.8	1032.0	521.8	0.87	1368
345.426	0.16	L	839140	839298	921.6	509.3	923.8	495.4	0.31	1719
349.114	0.036	R	842828	842862	1016.0	568.2	1372.0	576.3	7.59	373
349.114	0.038	L	842828	842864	939.9	515.9	1269.2	504.4	7.03	315
350.612	0.034	L	844326	844358	1257.0	517.8	956.6	510.5	6.43	326
350.612	0.036	R	844326	844360	1330.6	586.8	1031.3	563.4	6.43	287
350.848	0.228	R	844562	844788	1017.5	553.8	1033.0	524.9	0.72	1311
350.86	0.228	L	844574	844800	952.7	527.7	957.7	567.6	0.88	2256
352.84	0.038	L	846554	846590	940.7	502.6	626.1	504.7	6.85	307
352.842	0.038	R	846556	846592	1014.3	553.6	712.9	552.0	6.56	275
354.27	0.034	R	847984	848016	694.8	560.1	986.4	551.0	6.38	330
354.272	0.036	L	847986	848020	640.9	541.5	922.6	535.5	6.17	276
354.674	0.236	R	848388	848622	1008.0	509.8	1055.6	472.9	1.32	1448
354.664	0.248	L	848378	848624	942.3	519.3	984.5	576.0	1.55	1544
355.016	0.018	L	848730	848746	984.0	505.7	944.9	530.2	1.01	81
355.014	0.022	R	848728	848748	1040.3	515.6	998.1	561.9	1.37	97
356.506	0.04	R	850220	850258	1027.3	582.2	1480.5	577.6	9.68	437
356.506	0.042	L	850220	850260	962.7	533.8	1382.7	504.1	9.00	358
356.608	0.07	R	850322	850390	1453.9	580.1	547.8	325.5	20.00	457
356.606	0.092	L	850320	850410	1388.5	505.1	445.2	296.9	20.44	531
357.24	0.028	L	850954	850980	427.2	314.8	292.7	300.9	2.86	155
357.24	0.028	R	850954	850980	514.2	343.6	385.3	344.2	2.73	149
358.23	0.242	R	851944	852184	305.1	313.6	830.6	327.4	11.15	1208
358.232	0.244	L	851946	852188	224.2	264.7	739.8	360.0	11.13	1416
358.584	0.036	L	852298	852332	744.2	385.8	982.0	536.1	6.14	297
358.584	0.036	R	852298	852332	822.7	405.3	1054.9	584.7	6.41	314
364.192	0.034	R	857906	857938	1002.4	548.8	1296.9	570.9	6.22	312
364.194	0.036	L	857908	857942	930.9	520.4	1218.7	521.5	6.06	283
364.362	0.016	R	858076	858090	1299.4	575.1	1330.8	564.7	0.69	61
364.57	0.028	L	858284	858310	1252.5	521.8	1115.5	503.0	2.91	172
364.572	0.026	R	858286	858310	1318.4	575.1	1197.9	538.3	2.66	157
365.092	0.024	L	858806	858828	1108.7	500.7	1204.0	507.0	2.03	134
365.09	0.026	R	858804	858828	1162.6	533.6	1273.3	540.3	2.35	149
365.836	0.036	R	859550	859584	1323.0	548.9	1105.3	510.3	4.70	201
365.836	0.036	L	859550	859584	1264.7	513.4	1030.7	490.6	5.00	216
365.936	0.108	R	859650	859756	1065.8	476.0	1028.1	484.6	0.83	751
365.92	0.142	L	859634	859774	1008.4	484.3	985.2	524.0	1.00	2377
371.264	0.062	L	864978	865038	957.5	523.6	955.9	535.3	0.26	113
371.89	0.034	R	865604	865636	997.1	554.4	1266.6	538.2	5.77	289
371.89	0.036	L	865604	865638	961.0	536.1	1218.0	505.9	5.53	253
372.056	0.018	L	865770	865786	1234.1	511.2	1272.1	516.7	0.81	63
372.056	0.018	R	865770	865786	1271.3	542.4	1312.2	553.8	0.90	70
372.196	0.09	L	865910	865998	1271.6	519.5	158.5	266.5	23.57	441
372.198	0.092	R	865912	866002	1304.7	552.5	207.9	275.1	23.34	366
372.518	0.028	L	866232	866258	148.0	260.8	29.2	182.4	2.86	153
372.52	0.028	R	866234	866260	204.3	281.4	88.8	230.5	2.52	128
372.732	0.026	R	866446	866470	87.3	222.7	53.3	113.0	2.32	136
372.734	0.028	L	866448	866474	23.2	165.2	-13.1	46.1	2.51	134
373.82	0.144	R	867534	867676	53.8	74.5	990.8	472.7	20.87	2134
373.816	0.17	L	867530	867698	-7.9	34.9	922.1	486.7	21.19	2057
374.15	0.02	L	867864	867882	920.2	494.9	954.7	523.8	0.98	76
374.148	0.022	R	867862	867882	975.5	540.3	1016.8	584.7	1.32	99
374.444	0.182	R	868158	868338	1007.8	542.4	1022.2	491.7	1.15	1090
374.434	0.212	L	868148	868358	955.4	528.1	961.4	518.6	0.24	1742
375.716	0.18	R	869430	869608	994.6	541.5	1027.8	503.0	1.10	1469
375.71	0.192	L	869424	869614	961.2	521.2	961.3	562.0	0.89	2209
379.598	0.046	R	873312	873356	1006.5	544.6	1532.9	550.1	11.11	393
379.6	0.046	L	873314	873358	957.0	522.9	1434.6	502.0	10.09	324
379.75	0.094	R	873464	873556	1511.1	546.8	450.4	325.7	22.58	393
379.75	0.106	L	873464	873568	1437.0	506.4	351.5	310.1	22.93	514
380.244	0.044	L	873958	874000	355.9	334.7	37.4	290.4	6.55	240
380.246	0.044	R	873960	874002	425.3	343.0	116.1	303.9	6.34	211
381.562	0.242	R	875276	875516	71.0	237.2	1018.5	390.6	19.76	2703
381.556	0.252	L	875270	875520	8.7	179.4	951.6	445.4	20.18	2150
382.008	0.024	R	875722	875744	1000.1	471.6	1014.7	562.8	2.02	135
382.008	0.026	L	875722	875746	944.1	455.7	969.8	540.7	1.94	130
382.922	0.21	R	876636	876844	1003.9	502.9	1023.0	459.6	1.03	1765
382.916	0.24	L	876630	876868	961.3	523.7	969.2	511.9	0.31	2027
383.354	0.018	R	877068	877084	1011.9	520.1	1008.9	553.8	0.74	56
387.372	0.064	R	881086	881148	994.5	531.3	574.9	343.7	9.94	258
387.37	0.102	L	881084	881184	977.4	528.9	516.9	342.7	10.70	312
387.738	0.032	R	881452	881482	558.0	353.1	765.8	341.1	4.47	232
387.738	0.032	L	881452	881482	521.5	346.8	712.3	341.0	4.10	205
387.952	0.022	L	881666	881686	744.7	342.5	811.5	367.7	1.54	116
387.952	0.022	R	881666	881686	781.8	349.9	848.4	374.8	1.54	117
389.06	0.192	R	882774	882964	850.7	387.3	973.2	434.8	2.86	2444
389.05	0.226	L	882764	882988	824.0	378.8	919.0	468.3	2.84	1975
389.362	0.022	L	883076	883096	923.1	485.9	970.5	534.0	1.48	108
389.362	0.022	R	883076	883096	961.6	497.3	1001.7	556.1	1.56	117
390.49	0.148	R	884204	884350	996.9	523.3	1003.5	486.7	0.82	1825
390.476	0.184	L	884190	884372	977.7	526.7	970.9	544.1	0.41	1938
390.95	0.046	L	884664	884708	945.7	515.8	459.9	516.5	10.46	368
390.952	0.048	R	884666	884712	994.8	525.2	521.3	526.1	10.19	324
391.118	0.026	L	884832	884856	444.0	508.9	304.8	530.6	2.97	186
391.12	0.026	R	884834	884858	494.7	524.9	368.4	550.8	2.72	170
392.5	0.05	R	886214	886262	377.6	537.6	988.7	540.0	13.07	450
392.5	0.052	L	886214	886264	335.2	517.4	943.3	526.9	13.01	376
392.788	0.222	R	886502	886722	985.3	525.9	1022.2	503.2	0.95	2025
392.776	0.252	L	886490	886740	966.6	529.6	998.6	560.6	0.98	2272
398.622	0.05	L	892336	892384	966.4	527.1	422.4	513.9	11.74	401
398.624	0.05	R	892338	892386	1003.0	566.8	506.9	564.3	10.70	335
398.872	0.08	R	892586	892664	484.5	555.8	1612.5	499.8	23.56	555
398.872	0.084	L	892586	892668	418.8	510.3	1530.5	487.8	23.19	425
399.358	0.024	R	893072	893094	1579.0	563.1	1692.2	600.0	2.43	158
399.358	0.026	L	893072	893096	1525.4	507.4	1633.9	543.1	2.33	152
400.052	0.022	L	893766	893786	1645.8	534.5	1583.2	500.7	1.46	104
400.052	0.022	R	893766	893786	1669.2	586.9	1615.0	557.6	1.26	90
400.262	0.054	L	893976	894028	1579.9	509.5	1005.1	523.0	12.09	376
400.262	0.056	R	893976	894030	1613.5	555.0	1048.4	550.0	11.88	326
400.448	0.016	L	894162	894176	1004.7	524.5	973.2	529.2	0.69	57
400.672	0.16	R	894386	894544	1018.5	535.4	1013.0	526.2	0.24	1330
400.66	0.182	L	894374	894554	978.8	527.5	974.7	556.1	0.63	2263
402.314	0.034	R	896028	896060	1010.2	559.5	1320.7	574.4	6.68	331
402.316	0.034	L	896030	896062	964.2	523.8	1248.1	513.4	6.10	282
402.488	0.076	R	896202	896276	1310.5	572.3	468.8	366.0	18.32	364
402.488	0.076	L	896202	896276	1251.1	520.2	384.2	366.1	18.61	410
402.704	0.032	L	896418	896448	372.2	363.9	149.8	296.4	4.82	249
402.704	0.034	R	896418	896450	448.8	358.5	221.6	308.5	4.82	232
403.01	0.026	R	896724	896748	184.3	304.8	74.1	290.8	2.22	131
403.01	0.026	L	896724	896748	133.4	289.3	7.1	252.4	2.64	149
403.256	0.044	L	896970	897012	10.3	248.4	-6.3	210.9	0.84	62
403.258	0.042	R	896972	897012	76.1	282.8	60.9	252.4	0.70	52
403.922	0.17	R	897636	897804	55.2	240.7	1043.0	446.4	20.85	2084
403.916	0.194	L	897630	897822	2.7	201.1	994.1	538.6	21.66	1973
404.266	0.018	L	897980	897996	989.2	515.2	964.2	548.1	0.90	75
404.264	0.02	R	897978	897996	1033.8	519.5	1005.5	557.4	1.03	76
405.08	0.016	L	898794	898808	967.8	537.1	933.9	529.5	0.76	65
406.01	0.04	L	899724	899762	962.3	542.8	638.7	520.5	7.09	277
406.01	0.042	R	899724	899764	1007.9	539.7	696.8	517.9	6.81	249
406.214	0.078	R	899928	900004	688.1	516.2	1572.2	456.4	18.78	441
406.216	0.08	L	899930	900008	643.4	526.8	1496.6	547.3	18.06	350
406.718	0.028	L	900432	900458	1495.1	502.6	1337.6	504.0	3.28	194
406.718	0.03	R	900432	900460	1555.7	539.1	1395.8	538.9	3.33	188
407.402	0.022	L	901116	901136	1336.6	497.0	1361.9	442.5	1.29	84
407.402	0.024	R	901116	901138	1387.8	526.5	1426.1	466.2	1.53	104
407.666	0.044	L	901380	901422	1362.3	447.2	933.7	510.7	9.30	375
407.668	0.044	R	901382	901424	1410.6	466.6	987.0	509.5	9.14	341
407.904	0.37	L	901618	901986	932.8	523.3	958.2	600.1	1.79	1778
407.912	0.368	R	901626	901992	963.9	501.8	1035.5	510.7	1.58	1315
413.708	0.038	R	907422	907458	985.7	519.3	1299.9	518.0	6.78	286
413.708	0.04	L	907422	907460	977.3	536.1	1276.9	516.8	6.48	250
413.808	0.08	L	907522	907600	1281.9	517.7	328.4	384.3	20.41	438
413.81	0.08	R	907524	907602	1284.9	521.7	362.5	371.3	19.81	359
414.552	0.026	R	908266	908290	368.0	385.9	285.5	388.7	1.73	101
414.554	0.024	L	908268	908290	327.5	396.5	246.4	387.0	1.71	104
415.09	0.02	L	908804	908822	242.7	393.5	184.5	393.5	1.20	85
415.088	0.024	R	908802	908824	270.7	394.3	195.5	397.7	1.56	103
415.304	0.168	R	909018	909184	203.0	402.3	983.8	455.1	16.56	1165
415.304	0.218	L	909018	909234	191.5	389.0	974.5	582.6	17.15	1921
415.622	0.224	R	909336	909558	973.2	494.1	1619.1	881.8	15.84	1051
415.868	0.04	R	909582	909620	1574.6	803.5	992.0	530.4	13.59	924
415.608	0.386	L	909322	909706	962.9	551.0	980.9	719.5	3.75	2080
416.016	0.016	L	909730	909744	985.8	690.7	983.3	637.2	1.19	103
416.098	0.568	R	909812	910378	994.4	492.3	1033.6	552.6	1.59	3270
416.074	0.594	L	909788	910380	975.6	623.5	1064.4	768.0	3.76	1840
416.716	0.018	R	910430	910446	1021.1	509.5	969.2	502.6	1.16	93
416.718	0.074	L	910432	910504	1048.8	752.0	1051.4	771.8	0.45	174
417.15	0.218	R	910864	911080	982.7	511.4	992.9	643.7	2.96	1289
417.39	0.022	R	911104	911124	972.4	617.3	986.3	509.2	2.45	161
417.434	0.03	R	911148	911176	992.2	470.5	1256.9	474.2	5.90	339
417.13	0.336	L	910844	911178	952.4	550.4	1215.9	518.7	5.91	983
417.768	0.02	L	911482	911500	1209.2	515.5	1270.0	517.5	1.34	110
417.766	0.022	R	911480	911500	1255.3	519.7	1320.5	523.7	1.44	116
418.87	0.034	L	912584	912616	1254.2	521.8	981.2	520.2	6.13	327
418.872	0.036	R	912586	912620	1314.5	546.3	1029.9	551.1	6.40	297
419.238	0.264	R	912952	913214	1015.1	549.4	1003.9	528.3	0.55	1144
419.234	0.296	L	912948	913242	964.7	525.6	1024.8	764.6	5.71	1607
419.602	0.018	R	913316	913332	996.0	518.7	1030.3	524.3	0.80	68
419.836	0.346	R	913550	913894	1034.6	515.2	1038.2	626.9	2.55	1896
419.806	0.406	L	913520	913924	982.3	574.4	728.2	1188.0	15.22	1029
420.202	0.02	R	913916	913934	1031.0	632.3	1038.1	570.3	1.42	91
420.298	0.03	L	914012	914040	696.0	1016.1	1067.8	813.5	9.68	627
421.05	0.034	R	914764	914796	979.8	543.2	1275.7	549.0	6.48	329
421.052	0.036	L	914766	914800	950.9	532.1	1232.1	521.2	6.15	265
422.484	0.032	L	916198	916228	1234.8	537.0	993.4	537.5	5.28	273
422.484	0.034	R	916198	916230	1305.7	555.9	1067.3	547.1	5.22	253
422.668	0.016	L	916382	916396	977.9	548.2	949.4	554.5	0.65	58
422.666	0.018	R	916380	916396	1042.2	548.2	1004.5	556.4	0.86	69
422.884	0.24	R	916598	916836	1015.6	544.8	987.7	541.5	0.63	2659
422.872	0.276	L	916586	916860	957.5	574.8	944.7	633.8	1.38	1052
423.332	0.284	R	917046	917328	961.9	495.3	913.6	535.3	1.41	2232
423.32	0.318	L	917034	917350	904.0	553.8	921.6	773.7	4.98	1665
423.716	0.02	L	917430	917448	863.6	583.6	967.8	572.7	2.32	180
423.712	0.024	R	917426	917448	900.3	540.6	1027.1	549.3	2.82	204
424.776	0.038	L	918490	918526	950.6	543.5	635.4	542.0	6.99	307
424.776	0.042	R	918490	918530	982.7	547.6	667.5	545.1	6.99	265
425.408	0.064	R	919122	919184	684.5	556.0	1504.6	399.2	18.09	535
425.41	0.064	L	919124	919186	646.6	560.9	1380.0	425.3	16.16	453
426.584	0.264	R	920298	920560	1387.0	427.0	987.3	505.3	8.85	1770
426.584	0.284	L	920298	920580	1371.3	418.4	963.3	585.3	9.60	1527
427.14	0.222	R	920854	921074	990.3	526.0	1007.8	524.9	0.39	2056
427.136	0.246	L	920850	921094	950.2	552.0	974.1	573.4	0.72	2044
428.364	0.032	L	922078	922108	965.5	547.4	769.6	534.9	4.38	226
428.364	0.032	R	922078	922108	978.4	548.6	800.8	533.0	3.98	193
428.462	0.048	R	922176	922222	758.7	537.9	1340.8	529.6	12.75	495
428.464	0.046	L	922178	922222	746.4	534.3	1279.7	513.8	11.69	398
428.796	0.032	R	922510	922540	1320.7	545.9	1627.1	565.3	6.44	356
428.798	0.032	L	922512	922542	1293.5	522.7	1571.1	529.4	5.83	296
429.092	0.098	R	922806	922902	1606.4	550.0	272.3	262.5	28.48	472
429.092	0.108	L	922806	922912	1563.7	535.9	212.0	261.5	28.78	543
429.67	0.028	L	923384	923410	201.3	279.4	382.8	290.6	3.89	237
429.67	0.028	R	923384	923410	243.3	277.8	439.4	273.4	4.19	259
430.248	0.212	R	923962	924172	427.6	286.1	850.4	399.6	9.65	1255
430.24	0.24	L	923954	924192	394.7	304.1	812.1	469.5	9.89	1212
430.598	0.028	L	924312	924338	809.3	450.6	959.1	541.0	3.91	231
430.598	0.028	R	924312	924338	843.1	453.3	989.9	552.1	3.96	243
432.13	0.044	R	925844	925886	981.4	553.1	1488.8	560.7	10.98	416
432.13	0.048	L	925844	925890	960.4	545.2	1427.3	537.5	10.11	323
432.428	0.026	L	926142	926166	1446.3	549.1	1573.9	546.0	2.65	161
432.428	0.026	R	926142	926166	1492.4	563.8	1613.1	570.6	2.51	160
433.28	0.152	R	926994	927144	1596.4	534.1	1585.9	506.5	0.64	2545
433.276	0.16	L	926990	927148	1573.5	573.4	1533.8	513.2	1.54	1174
433.534	0.068	L	927248	927314	1534.9	510.7	1032.3	548.8	10.77	342
433.532	0.072	R	927246	927316	1566.5	523.8	1063.6	546.1	10.77	326
433.82	0.022	L	927534	927554	1023.7	544.0	946.9	552.2	1.72	125
433.818	0.024	R	927532	927554	1054.5	543.1	967.6	554.9	1.95	132
434.106	0.25	R	927820	928068	974.8	519.8	1029.9	512.8	1.23	2592
434.098	0.28	L	927812	928090	970.6	566.0	1028.8	631.9	1.97	1830
434.508	0.018	L	928222	928238	993.2	554.9	958.8	559.9	0.77	62
434.51	0.016	R	928224	928238	1023.9	542.5	992.7	548.8	0.71	60
438.816	0.114	L	932530	932642	990.1	567.7	972.6	646.3	1.81	528
438.8	0.134	R	932514	932646	1010.8	577.3	977.1	563.4	0.81	858
438.968	0.016	L	932682	932696	976.1	602.2	991.8	650.4	1.14	113
439.038	0.018	R	932752	932768	972.0	548.4	1013.3	548.4	0.92	72
439.28	0.182	L	932994	933174	991.7	541.1	988.2	607.7	1.50	1798
439.276	0.198	R	932990	933186	1004.5	541.1	996.5	516.9	0.57	1939
439.756	0.036	R	933470	933504	977.0	556.3	1264.8	507.8	6.44	302
439.756	0.04	L	933470	933508	968.4	549.7	1237.6	485.5	6.11	245
439.84	0.052	L	933554	933604	1244.9	487.3	664.3	494.6	12.79	452
439.842	0.05	R	933556	933604	1266.9	506.7	708.5	495.4	12.30	382
440.044	0.018	L	933758	933774	658.8	499.9	650.5	532.5	0.76	64
440.042	0.02	R	933756	933774	692.5	497.7	679.6	536.8	0.93	71
441.272	0.036	R	934986	935020	685.2	548.4	984.5	544.3	6.67	334
441.274	0.038	L	934988	935024	662.5	545.4	971.9	553.2	6.90	293
441.666	0.394	R	935380	935772	992.9	526.7	979.4	469.2	1.33	1669
441.66	0.434	L	935374	935806	984.6	565.5	951.4	547.7	0.84	2276
442.666	0.024	L	936380	936402	923.6	513.8	995.0	573.5	2.08	138
442.666	0.024	R	936380	936402	949.7	526.5	1015.6	578.9	1.88	134
445.91	0.168	R	939624	939790	996.4	537.1	1015.4	567.8	0.81	1686
445.902	0.202	L	939616	939816	973.5	590.7	1020.4	691.2	2.49	1745
447.502	0.038	L	941216	941252	974.6	549.1	652.5	520.0	7.18	337
447.504	0.038	R	941218	941254	982.3	556.3	670.6	541.1	6.93	291
448.99	0.038	R	942704	942740	676.3	550.0	990.5	540.0	6.99	331
448.99	0.04	L	942704	942742	656.2	545.9	971.7	543.5	7.01	286
449.218	0.298	R	942932	943228	993.7	529.9	979.2	467.1	1.45	1577
449.226	0.318	L	942940	943256	981.2	558.2	951.4	534.8	0.85	1517
449.666	0.016	R	943380	943394	961.2	501.2	980.8	528.3	0.75	65
449.666	0.018	L	943380	943396	938.0	504.0	965.7	529.0	0.84	68
449.926	0.05	R	943640	943688	985.3	537.3	1365.0	502.3	8.35	297
449.926	0.05	L	943640	943688	963.1	530.1	1314.9	484.4	7.77	244
450.142	0.044	L	943856	943898	1320.1	485.4	955.1	523.5	8.06	347
450.142	0.044	R	943856	943898	1349.6	502.3	975.6	529.6	8.23	315
450.358	0.018	R	944072	944088	971.0	529.1	1003.7	539.7	0.76	65
450.358	0.018	L	944072	944088	957.2	527.3	989.1	538.3	0.75	62
453.538	0.016	R	947252	947266	1001.6	604.2	1034.2	598.7	0.75	67
454.0	0.338	L	947714	948050	964.5	548.4	977.7	594.7	1.08	1897
454.008	0.402	R	947722	948122	1006.3	559.9	434.8	1275.6	20.61	904
454.452	0.14	R	948166	948304	491.8	1287.1	484.2	991.0	6.66	808
454.616	0.068	R	948330	948396	484.1	1010.8	989.4	673.2	13.86	693
454.742	0.018	R	948456	948472	1019.0	553.3	1024.5	509.6	1.02	72
455.144	0.06	L	948858	948916	962.3	519.9	378.1	501.2	13.27	322
455.146	0.06	R	948860	948918	994.7	587.4	421.8	555.1	13.03	294
455.39	0.02	L	949104	949122	385.7	516.3	337.5	517.7	1.08	83
455.39	0.02	R	949104	949122	413.6	550.0	357.5	553.0	1.25	96
455.608	0.25	R	949322	949570	368.7	537.9	371.5	536.1	0.07	1109
455.606	0.254	L	949320	949572	351.8	526.3	352.2	539.8	0.31	1378
456.676	0.048	R	950390	950436	369.1	550.7	973.0	538.1	13.68	490
456.678	0.05	L	950392	950440	379.3	545.3	964.7	542.5	13.26	407
456.882	0.3	L	950596	950894	969.8	558.3	978.9	486.4	1.67	1438
456.882	0.308	R	950596	950902	958.3	527.7	1005.3	444.7	2.19	1354
457.428	0.022	L	951142	951162	979.9	483.7	991.1	544.4	1.42	101
457.428	0.022	R	951142	951162	1001.6	490.8	1010.8	556.7	1.53	105
459.086	0.244	L	952800	953042	978.0	560.1	962.3	577.3	0.54	1514
459.074	0.262	R	952788	953048	1005.9	563.1	987.9	511.1	1.27	3270
460.296	0.178	L	954010	954186	979.6	571.3	983.3	583.5	0.29	1878
460.3	0.178	R	954014	954190	983.8	528.7	986.7	522.1	0.16	1915
462.102	0.16	R	955816	955974	981.2	530.3	1009.1	494.9	1.02	1668
462.102	0.16	L	955816	955974	987.1	557.7	982.6	547.7	0.25	1876
462.798	0.06	L	956512	956570	974.8	544.3	256.0	534.0	15.76	424
462.8	0.06	R	956514	956572	996.3	537.4	284.0	537.2	15.62	371
462.948	0.072	R	956662	956732	273.1	535.3	1535.3	558.0	26.77	662
462.95	0.072	L	956664	956734	259.2	545.5	1492.2	539.9	26.15	536
463.156	0.022	R	956870	956890	1511.3	571.5	1622.4	573.5	2.30	169
463.156	0.024	L	956870	956892	1485.5	557.5	1597.9	550.6	2.33	163
464.324	0.054	L	958038	958090	1593.1	547.9	1005.6	544.8	12.54	413
464.326	0.054	R	958040	958092	1611.6	572.3	1025.3	557.6	12.53	352
464.608	0.016	R	958322	958336	1004.4	552.1	975.5	555.7	0.65	59
464.912	0.368	R	958626	958992	987.4	544.0	938.1	489.6	1.65	2407
464.926	0.356	L	958640	958994	960.0	548.8	917.1	527.1	1.08	1597
465.862	0.022	L	959576	959596	920.4	527.8	989.2	552.4	1.64	116
465.862	0.022	R	959576	959596	936.7	524.5	1001.2	558.7	1.64	124
466.608	0.062	L	960322	960382	953.8	552.5	189.8	265.7	17.86	483
466.608	0.064	R	960322	960384	984.2	578.5	267.2	270.6	17.08	403
466.856	0.026	L	960570	960594	190.5	266.0	77.4	170.0	3.14	195
466.858	0.026	R	960572	960596	236.1	270.3	130.3	187.4	2.84	167
467.154	0.02	L	960868	960886	68.8	169.4	30.2	141.5	0.99	68
467.158	0.016	R	960872	960886	113.5	188.6	86.3	172.5	0.65	54
467.506	0.016	L	961220	961234	48.5	133.8	60.5	106.2	0.63	51
467.504	0.02	R	961218	961236	101.5	169.9	121.5	123.0	1.07	73
468.266	0.206	R	961980	962184	104.8	82.7	32.2	18.1	2.00	618
468.256	0.236	L	961970	962204	28.4	65.4	-34.8	7.2	1.76	827
468.67	0.23	R	962384	962612	46.4	20.1	1048.0	504.2	23.49	946
468.66	0.254	L	962374	962626	-10.3	-29.3	984.9	549.0	24.30	2382
469.1	0.016	L	962814	962828	959.3	524.5	931.4	538.1	0.69	63
469.1	0.016	R	962814	962828	1023.8	556.3	996.0	574.1	0.74	63
472.386	0.158	R	966100	966256	992.1	518.7	1020.1	519.3	0.63	860
472.378	0.182	L	966092	966272	977.4	541.2	1012.2	620.4	1.96	2311
472.586	0.02	L	966300	966318	1006.0	589.9	997.4	534.3	1.27	84
474.292	0.044	L	968006	968048	978.9	550.3	526.5	552.0	10.10	356
474.292	0.048	R	968006	968052	1003.4	568.3	571.6	567.7	9.64	296
474.45	0.03	L	968164	968192	523.4	551.9	358.5	544.4	3.63	201
474.452	0.028	R	968166	968192	542.1	565.5	392.5	566.3	3.29	178
475.676	0.046	R	969390	969434	51.9	589.2	432.1	554.0	8.07	339
475.676	0.046	L	969390	969434	9.0	556.6	373.8	549.2	7.71	292
475.846	0.044	R	969560	969602	428.9	568.0	996.5	570.5	12.56	531
475.846	0.046	L	969560	969604	392.6	554.8	946.1	555.3	12.25	437
476.612	0.17	R	970326	970494	1001.4	551.6	1004.4	517.4	0.78	1311
476.606	0.192	L	970320	970510	991.0	544.7	989.3	586.9	0.96	1752
479.184	0.058	L	972898	972954	978.5	545.3	1557.7	318.6	13.37	353
479.182	0.062	R	972896	972956	998.2	562.6	1690.7	299.8	15.90	434
479.644	0.032	R	973358	973388	1621.9	344.2	1804.5	188.3	4.94	265
479.644	0.036	L	973358	973392	1556.7	293.9	1732.7	108.6	5.28	244
479.79	0.058	L	973504	973560	1736.9	107.4	956.2	494.4	18.37	611
479.79	0.06	R	973504	973562	1807.3	180.1	1022.8	536.2	18.15	540
480.036	0.016	L	973750	973764	970.0	495.1	954.7	519.4	0.65	57
480.036	0.018	R	973750	973766	1002.0	545.7	984.2	577.8	0.83	67
481.938	0.072	R	975652	975722	992.8	533.4	1806.2	232.9	18.32	404
481.94	0.074	L	975654	975726	1000.0	539.0	1742.0	206.1	17.19	328
482.392	0.022	L	976106	976126	1743.8	204.3	1678.1	178.4	1.42	101
482.392	0.022	R	976106	976126	1757.1	253.0	1697.6	227.0	1.31	92
482.564	0.02	L	976278	976296	1674.1	166.5	1626.9	130.7	1.22	88
482.564	0.02	R	976278	976296	1698.0	224.0	1655.8	187.8	1.14	81
483.86	0.188	R	977574	977760	1669.1	166.9	1013.3	436.9	15.16	795
483.862	0.222	L	977576	977796	1624.5	132.2	971.6	485.2	15.90	1082
484.19	0.018	L	977904	977920	971.7	492.1	974.2	539.3	1.07	85
484.19	0.02	R	977904	977922	987.5	497.6	990.4	541.3	0.99	76
484.38	0.208	R	978094	978300	998.5	536.3	1015.2	490.5	1.10	1094
484.384	0.242	L	978098	978338	974.6	537.0	1003.3	604.4	1.66	2190
485.658	0.054	L	979372	979424	980.3	545.8	477.9	526.6	11.20	317
485.66	0.054	R	979374	979426	984.5	542.2	517.4	516.7	10.42	263
485.886	0.042	R	979600	979640	509.0	521.7	993.1	445.6	10.91	468
485.886	0.046	L	979600	979644	476.6	527.9	948.2	456.5	10.61	377
486.22	0.048	R	979934	979980	989.8	473.6	1528.1	475.9	11.73	470
486.22	0.05	L	979934	979982	966.0	475.7	1477.7	463.6	11.15	382
486.502	0.026	L	980216	980240	1483.7	463.8	1361.7	436.0	2.68	177
486.502	0.026	R	980216	980240	1530.7	479.0	1405.6	450.9	2.74	180
487.038	0.02	L	980752	980770	1351.1	418.8	1395.7	438.0	1.05	78
487.038	0.02	R	980752	980770	1381.3	438.7	1422.3	460.3	1.00	79
487.58	0.202	R	981294	981494	1416.2	440.6	1010.0	518.5	9.11	1799
487.59	0.202	L	981304	981504	1376.6	436.7	984.6	586.1	9.24	1373
489.486	0.042	R	983200	983240	1007.4	558.8	1409.2	391.1	9.62	410
489.486	0.044	L	983200	983242	985.7	545.9	1345.8	370.0	8.86	322
489.782	0.02	R	983496	983514	1396.8	415.3	1432.6	445.5	1.02	78
489.782	0.022	L	983496	983516	1366.3	377.1	1405.3	414.9	1.18	88
490.22	0.026	R	983934	983958	1420.2	438.7	1413.0	355.8	1.84	109
490.22	0.026	L	983934	983958	1385.5	403.4	1365.6	313.7	2.03	114
490.918	0.044	L	984632	984674	1368.5	308.4	996.2	507.5	9.30	369
490.92	0.042	R	984634	984674	1394.3	330.8	1020.9	527.0	9.29	338
491.118	0.018	L	984832	984848	990.2	524.7	967.9	553.2	0.82	70
491.118	0.018	R	984832	984848	1002.8	531.0	978.4	567.8	1.00	79
491.29	0.18	R	985004	985182	992.7	536.6	975.4	527.5	0.44	1077
491.284	0.204	L	984998	985200	969.1	561.9	918.8	588.4	1.28	2315
491.55	0.018	L	985264	985280	926.6	549.8	970.1	557.7	1.00	85
491.548	0.02	R	985262	985280	960.8	563.7	1008.3	568.4	1.08	86
493.024	0.054	L	986738	986790	959.5	544.5	388.0	541.4	12.57	401
493.026	0.052	R	986740	986790	1005.6	535.8	457.6	538.1	12.06	331
493.294	0.02	R	987008	987026	448.2	555.8	399.0	561.3	1.09	83
493.294	0.02	L	987008	987026	385.7	557.7	332.9	551.3	1.17	89
493.684	0.222	L	987398	987618	336.9	551.3	345.9	610.0	1.38	1132
493.68	0.23	R	987394	987622	395.6	542.1	384.7	529.1	0.39	1009
494.472	0.046	R	988186	988230	385.8	559.1	958.2	529.5	13.19	505
494.474	0.048	L	988188	988234	352.8	590.3	903.0	592.8	12.66	421
494.662	0.018	L	988376	988392	921.7	574.4	965.2	586.1	1.03	85
494.66	0.02	R	988374	988392	951.1	525.2	997.9	536.0	1.10	85
494.894	0.252	L	988608	988858	921.6	577.0	932.0	547.5	0.72	1226
494.888	0.282	R	988602	988882	981.2	531.1	1009.3	522.9	0.66	1077
495.554	0.018	R	989268	989284	1003.2	555.9	1034.3	561.6	0.71	57
495.554	0.018	L	989268	989284	942.2	545.6	971.2	564.3	0.78	57
495.914	0.064	L	989628	989690	966.4	564.6	262.6	534.1	15.57	364
495.916	0.064	R	989630	989692	1005.5	529.7	334.0	501.7	14.85	342
496.712	0.072	R	990426	990496	341.7	529.9	1553.4	568.5	25.99	561
496.712	0.076	L	990426	990500	293.9	546.8	1479.5	588.4	25.43	489
496.894	0.024	R	990608	990630	1540.7	574.5	1652.1	572.4	2.32	165
496.894	0.026	L	990608	990632	1484.3	583.0	1592.8	578.3	2.27	156
498.142	0.052	L	991856	991906	1582.6	538.9	965.3	544.3	13.25	437
498.142	0.054	R	991856	991908	1618.5	556.0	1005.7	534.8	13.16	368
498.486	0.294	R	992200	992492	988.2	492.4	1015.1	516.4	0.81	847
498.472	0.366	L	992186	992550	959.3	549.7	1030.5	702.6	3.81	1811
499.698	0.018	R	993412	993428	998.9	561.4	1043.2	563.5	1.00	81
499.814	0.018	L	993528	993544	1001.0	537.5	956.2	538.5	1.01	83
499.814	0.018	R	993528	993544	1025.2	554.7	984.8	558.1	0.92	72
502.856	0.032	L	996570	996600	1029.0	747.8	1030.8	765.0	0.41	124
503.086	0.018	L	996800	996816	1027.9	771.3	1005.2	719.0	1.35	109
503.142	0.02	L	996856	996874	997.1	726.0	1027.9	801.2	1.92	172
503.182	0.1	L	996896	996994	1025.9	801.4	1026.0	754.4	1.12	148
504.274	0.058	L	997988	998044	976.6	539.6	454.0	528.1	12.33	314
504.276	0.058	R	997990	998046	995.1	548.2	494.2	543.0	11.83	309
504.492	0.07	R	998206	998274	470.6	535.8	1570.6	548.3	24.72	575
504.494	0.07	L	998208	998276	459.6	528.4	1528.3	521.4	24.04	515
504.684	0.022	L	998398	998418	1524.4	517.8	1608.7	515.7	1.82	128
504.684	0.022	R	998398	998418	1561.1	559.3	1640.2	561.3	1.71	131
505.87	0.05	L	999584	999632	1584.6	546.3	985.8	534.3	12.92	472
505.872	0.05	R	999586	999634	1625.0	587.6	1039.2	559.0	12.67	386
506.336	0.256	R	1000050	1000304	1007.2	552.5	1028.7	536.8	0.60	3270
506.346	0.3	L	1000060	1000358	962.7	530.9	994.9	540.3	0.75	3178
506.824	0.016	L	1000538	1000552	979.9	515.8	953.0	532.5	0.72	61
506.824	0.018	R	1000538	1000554	1011.4	553.0	988.4	575.5	0.73	58
508.086	0.036	L	1001800	1001834	966.5	521.9	661.9	527.0	6.76	344
508.088	0.036	R	1001802	1001836	987.6	538.4	700.4	533.4	6.38	292
508.954	0.028	L	1002668	1002694	653.0	523.1	780.7	427.7	3.54	185
508.952	0.03	R	1002666	1002694	681.3	541.8	836.3	439.4	4.12	224
509.36	0.03	L	1003074	1003102	803.6	398.8	638.5	506.8	4.37	240
509.36	0.03	R	1003074	1003102	851.3	407.4	694.8	503.5	4.06	220
509.54	0.034	R	1003254	1003286	684.8	514.9	985.7	523.1	6.64	359
509.54	0.036	L	1003254	1003288	631.2	514.1	925.7	513.1	6.50	308
509.994	0.25	R	1003708	1003956	982.9	522.0	1021.4	494.0	1.05	2443
510.012	0.232	L	1003726	1003956	940.5	546.2	977.5	554.5	0.84	1407
513.91	0.016	R	1007624	1007638	992.1	533.9	1021.9	533.4	0.66	60
514.49	0.036	L	1008204	1008238	944.5	541.2	754.7	523.3	4.19	168
514.49	0.036	R	1008204	1008238	985.1	524.5	802.8	500.0	4.05	164
514.684	0.028	R	1008398	1008424	790.7	494.8	1014.6	515.6	4.95	293
514.684	0.03	L	1008398	1008426	748.5	513.4	966.6	526.2	4.81	258
515.772	0.05	L	1009486	1009534	959.4	526.7	402.2	531.2	12.14	426
515.772	0.052	R	1009486	1009536	997.2	539.4	468.7	532.4	11.50	334
516.032	0.064	R	1009746	1009808	460.8	537.1	1351.8	498.8	19.12	500
516.032	0.066	L	1009746	1009810	398.6	532.6	1248.4	487.6	18.24	405
516.398	0.022	L	1010112	1010132	1260.4	491.6	1340.0	510.3	1.74	126
516.398	0.022	R	1010112	1010132	1325.9	508.0	1402.3	530.6	1.70	126
557.544	0.024	L	1051258	1051280	827.3	578.3	919.0	577.3	2.14	142
557.544	0.024	R	1051258	1051280	937.5	581.9	1026.1	585.8	2.07	146
559.704	0.196	R	1053418	1053612	1008.1	571.7	1009.8	547.5	0.57	1311
559.704	0.224	L	1053418	1053640	928.0	575.2	923.8	577.9	0.12	1744
563.766	0.038	L	1057480	1057516	949.0	595.4	631.0	584.7	7.41	340
563.766	0.04	R	1057480	1057518	1001.8	563.5	696.7	543.5	7.12	292
565.226	0.034	R	1058940	1058972	703.3	557.1	971.7	550.6	6.27	314
565.226	0.036	L	1058940	1058974	645.4	592.3	905.5	585.9	6.08	273
565.406	0.016	L	1059120	1059134	914.8	592.5	947.1	597.3	0.76	64
565.406	0.018	R	1059120	1059136	964.5	564.8	999.8	572.1	0.84	68
565.556	0.204	R	1059270	1059472	984.9	565.6	957.3	534.4	0.98	1351
565.56	0.224	L	1059274	1059496	943.6	609.4	865.8	600.0	1.84	1406
565.886	0.024	L	1059600	1059622	860.8	585.0	951.7	596.2	2.15	144
565.886	0.024	R	1059600	1059622	943.4	564.0	1031.3	573.2	2.07	150
567.35	0.058	L	1061064	1061120	941.4	603.1	566.7	587.9	8.82	201
567.35	0.058	R	1061064	1061120	990.2	594.4	621.8	565.9	8.69	209
567.452	0.036	R	1061166	1061200	628.8	563.7	1013.2	545.5	9.02	443
567.45	0.04	L	1061164	1061202	578.9	587.6	944.5	570.7	8.58	346
567.6	0.036	L	1061314	1061348	959.7	573.8	608.6	602.4	8.25	404
567.602	0.038	R	1061316	1061352	1002.7	544.9	668.5	573.9	7.86	352
568.892	0.038	R	1062606	1062642	694.8	562.7	996.0	560.9	7.05	316
568.892	0.04	L	1062606	1062644	649.8	604.5	942.4	595.7	6.85	276
571.144	0.036	R	1064858	1064892	991.5	578.2	1304.7	571.3	7.18	350
571.146	0.036	L	1064860	1064894	946.5	605.2	1230.0	602.4	6.50	297
572.604	0.038	L	1066318	1066354	1243.8	598.0	950.2	602.8	6.73	314
572.606	0.038	R	1066320	1066356	1287.8	573.0	1003.4	569.6	6.53	269
573.118	0.104	R	1066832	1066934	1000.1	551.4	991.2	559.5	0.28	655
573.094	0.15	L	1066808	1066956	949.1	599.6	964.8	618.9	0.59	337
578.846	0.044	R	1072560	1072602	985.6	556.9	1417.3	528.8	9.81	362
578.846	0.046	L	1072560	1072604	956.8	581.6	1369.3	549.8	9.38	311
578.968	0.072	L	1072682	1072752	1373.3	547.5	626.2	464.9	17.07	434
578.968	0.072	R	1072682	1072752	1397.7	533.0	701.0	446.2	15.94	344
579.388	0.03	R	1073102	1073130	648.9	442.2	839.8	400.9	4.57	248
579.388	0.032	L	1073102	1073132	585.8	477.4	784.2	438.7	4.73	235
580.24	0.034	R	1073954	1073986	386.8	315.0	211.4	291.9	3.96	163
580.238	0.04	L	1073952	1073990	343.9	349.2	132.2	304.1	4.85	165
580.454	0.03	L	1074168	1074196	115.5	307.3	-21.4	274.9	3.05	141
580.454	0.03	R	1074168	1074196	179.7	291.4	51.4	263.9	2.85	124
580.64	0.166	R	1074354	1074518	54.7	250.7	34.7	110.4	3.11	681
580.634	0.186	L	1074348	1074532	-15.3	261.5	-30.3	111.9	3.29	763
580.944	0.114	R	1074658	1074770	38.6	130.6	964.8	507.8	22.19	553
580.944	0.148	L	1074658	1074804	-13.7	108.1	924.1	547.4	23.02	491
581.272	0.018	L	1074986	1075002	925.2	548.1	944.5	580.3	0.88	69
581.272	0.02	R	1074986	1075004	966.7	521.4	981.7	566.3	1.12	87
581.472	0.168	R	1075186	1075352	972.5	552.7	978.5	550.1	0.15	1145
581.468	0.21	L	1075182	1075390	937.2	589.4	939.6	607.5	0.43	1404
582.532	0.048	L	1076246	1076292	947.4	592.5	488.8	605.6	10.69	356
582.532	0.05	R	1076246	1076294	995.7	563.7	560.0	565.3	10.16	310
582.688	0.028	L	1076402	1076428	479.8	605.1	331.3	597.5	3.44	203
582.688	0.028	R	1076402	1076428	545.0	566.5	405.4	562.8	3.23	185
584.054	0.05	R	1077768	1077816	379.7	564.0	943.2	550.3	13.06	444
584.054	0.052	L	1077768	1077818	332.7	592.3	891.3	586.3	12.93	389
584.304	0.02	R	1078018	1078036	935.4	552.8	982.7	554.9	1.11	83
584.306	0.02	L	1078020	1078038	913.4	581.0	957.6	581.4	1.03	81
584.452	0.212	R	1078166	1078376	983.6	538.9	1015.9	527.4	0.80	1097
584.446	0.256	L	1078160	1078414	948.1	587.3	971.4	590.3	0.55	1777
586.174	0.092	L	1079888	1079978	957.4	577.8	646.1	586.1	7.27	377
586.172	0.096	R	1079886	1079980	988.2	552.0	697.4	548.5	6.79	325
586.504	0.064	R	1080218	1080280	683.3	556.3	1453.2	555.6	17.40	452
586.504	0.066	L	1080218	1080282	654.2	591.5	1400.8	565.7	16.88	374
586.888	0.024	R	1080602	1080624	1442.8	569.3	1542.5	602.3	2.28	149
586.888	0.026	L	1080602	1080626	1397.6	580.8	1507.0	616.6	2.50	153
587.138	0.028	L	1080852	1080878	1504.0	613.7	1640.8	596.8	2.90	164
587.138	0.028	R	1080852	1080878	1534.5	598.1	1679.0	579.8	3.07	177
588.074	0.242	R	1081788	1082028	1695.6	530.7	1017.2	540.1	14.78	1008
588.074	0.286	L	1081788	1082072	1659.2	561.3	989.7	593.9	14.64	1363
588.924	0.196	R	1082638	1082832	975.1	532.4	985.0	555.9	0.60	1021
588.92	0.258	L	1082634	1082890	964.1	584.4	957.9	590.8	0.21	1579
589.892	0.036	R	1083606	1083640	974.1	552.8	1286.9	537.9	7.18	340
589.892	0.038	L	1083606	1083642	964.6	591.2	1266.0	578.0	6.92	297
591.37	0.04	L	1085084	1085122	1267.9	591.0	952.1	590.4	7.24	318
591.372	0.04	R	1085086	1085124	1281.8	567.7	979.3	559.3	6.94	268
591.986	0.016	R	1085700	1085714	971.9	550.9	995.6	538.8	0.62	56
597.57	0.048	R	1091284	1091330	972.4	563.4	1485.7	547.1	11.55	407
597.572	0.048	L	1091286	1091332	950.4	594.7	1440.6	577.8	11.04	348
597.728	0.024	R	1091442	1091464	1484.3	551.6	1590.2	576.9	2.33	157
597.728	0.026	L	1091442	1091466	1453.1	580.1	1566.4	603.4	2.48	166
598.244	0.158	L	1091958	1092114	1546.9	598.7	1559.7	619.5	0.54	625
598.24	0.182	R	1091954	1092134	1582.2	542.7	1585.5	592.5	1.12	961
599.008	0.052	L	1092722	1092772	1557.7	592.7	989.7	590.4	12.57	415
599.01	0.052	R	1092724	1092774	1577.5	586.1	1040.5	573.2	11.90	343
599.218	0.018	L	1092932	1092948	982.6	593.0	941.7	592.3	0.95	77
599.218	0.018	R	1092932	1092948	1015.9	575.5	977.2	572.1	0.90	73
601.264	0.052	L	1094978	1095028	952.3	592.7	358.3	533.1	13.84	463
601.264	0.054	R	1094978	1095030	985.8	569.7	436.2	510.5	12.81	380
601.498	0.048	R	1095212	1095258	412.9	501.4	999.1	451.6	13.59	525
601.498	0.05	L	1095212	1095260	359.8	533.7	932.9	477.4	13.30	430
601.756	0.024	L	1095470	1095492	944.9	485.3	1052.6	477.1	2.49	170
601.756	0.024	R	1095470	1095492	999.8	458.3	1113.7	444.7	2.65	186
602.186	0.032	R	1095900	1095930	1083.1	459.7	1322.9	472.1	5.43	277
602.186	0.062	L	1095900	1095960	1053.7	478.2	1308.5	493.3	5.77	251
602.424	0.02	L	1096138	1096156	1310.6	492.3	1344.2	469.1	0.91	65
602.426	0.018	R	1096140	1096156	1339.8	467.3	1368.4	443.4	0.84	66
602.862	0.026	R	1096576	1096600	1364.2	431.9	1456.9	417.3	2.05	121
602.862	0.026	L	1096576	1096600	1344.3	465.1	1429.1	448.5	1.89	114
603.362	0.052	R	1097076	1097126	1448.1	413.2	1010.2	502.7	10.02	286
603.362	0.094	L	1097076	1097168	1428.7	439.5	1008.8	699.7	11.17	336
603.632	0.172	R	1097346	1097516	961.0	532.6	977.3	541.8	0.44	950
603.62	0.216	L	1097334	1097548	935.9	560.4	956.7	601.6	1.09	1557
604.966	0.044	R	1098680	1098722	978.1	553.1	1434.6	534.3	10.31	385
604.966	0.046	L	1098680	1098724	958.4	586.1	1389.7	557.7	9.76	326
605.142	0.028	R	1098856	1098882	1432.4	544.6	1601.1	564.4	3.64	217
605.142	0.028	L	1098856	1098882	1402.3	562.8	1576.1	582.9	3.75	209
606.436	0.056	L	1100150	1100204	1566.7	593.9	981.2	603.6	12.96	392
606.436	0.058	R	1100150	1100206	1584.6	558.7	1015.4	554.9	12.59	339
606.792	0.208	R	1100506	1100712	979.1	531.9	989.1	568.7	0.90	1009
606.788	0.26	L	1100502	1100760	960.2	607.3	961.3	636.2	0.68	1677
608.63	0.048	R	1102344	1102390	965.3	546.0	1547.2	541.9	12.96	453
608.632	0.048	L	1102346	1102392	944.6	591.2	1492.2	579.3	12.20	382
608.804	0.018	R	1102518	1102534	1542.6	551.5	1587.4	571.0	1.04	84
608.804	0.02	L	1102518	1102536	1512.0	579.1	1565.7	595.2	1.19	93
610.038	0.05	L	1103752	1103800	1543.7	561.5	1015.6	580.2	11.70	418
610.04	0.05	R	1103754	1103802	1578.7	567.3	1066.6	575.6	11.36	341
610.208	0.024	L	1103922	1103944	1014.6	579.8	944.5	572.9	1.64	119
610.208	0.024	R	1103922	1103944	1047.7	567.0	977.9	560.2	1.63	114
610.522	0.156	R	1104236	1104390	974.3	541.1	967.6	580.6	0.93	1189
610.508	0.226	L	1104222	1104446	950.0	587.9	934.0	636.5	1.21	1554
610.796	0.022	L	1104510	1104530	948.7	586.5	987.8	642.2	1.59	111
612.254	0.056	L	1105968	1106022	927.9	569.1	927.5	577.0	0.18	240
612.376	0.07	L	1106090	1106158	875.7	592.7	788.3	593.3	2.00	571
612.468	0.028	L	1106182	1106208	849.3	604.4	1605.6	578.0	16.63	1125
612.518	0.234	L	1106232	1106464	1662.8	571.6	937.6	566.3	15.80	2299
614.248	0.108	L	1107962	1108068	946.1	566.6	802.5	604.7	3.34	321
614.466	0.088	L	1108180	1108266	756.0	619.7	948.3	577.3	4.45	253
616.324	0.048	R	1110038	1110084	1011.8	581.4	1593.6	585.0	12.54	433
616.324	0.05	L	1110038	1110086	928.1	535.9	1489.9	533.2	12.11	370
616.494	0.02	L	1110208	1110226	1502.2	537.8	1556.3	550.9	1.15	85
616.494	0.02	R	1110208	1110226	1582.1	588.2	1630.6	598.0	1.02	80
617.798	0.05	L	1111512	1111560	1537.6	567.5	990.7	572.4	11.89	427
617.798	0.052	R	1111512	1111562	1608.6	583.0	1072.2	569.2	11.68	356
617.97	0.02	L	1111684	1111702	984.8	575.5	923.9	581.0	1.41	107
617.97	0.02	R	1111684	1111702	1051.0	571.3	1001.4	577.2	1.15	87
618.168	0.216	R	1111882	1112096	1002.0	567.5	955.0	555.6	1.12	1311
618.154	0.264	L	1111868	1112130	933.4	587.0	915.8	600.6	0.52	1168
618.67	0.02	L	1112384	1112402	901.9	579.6	939.0	589.4	0.88	67
618.67	0.02	R	1112384	1112402	946.5	552.8	981.8	567.8	0.88	68
624.01	0.046	L	1117724	1117768	946.1	592.5	515.9	599.5	9.85	381
624.01	0.048	R	1117724	1117770	960.3	546.0	566.4	547.7	9.01	307
624.182	0.072	R	1117896	1117966	566.7	540.1	1355.8	555.1	17.58	404
624.184	0.076	L	1117898	1117972	527.4	593.7	1313.2	563.7	17.50	624
624.47	0.022	L	1118184	1118204	1310.7	562.8	1370.9	532.8	1.46	104
624.47	0.022	R	1118184	1118204	1354.6	536.5	1422.0	503.8	1.62	123
625.506	0.048	L	1119220	1119266	1352.8	477.8	941.7	576.5	9.33	344
625.508	0.046	R	1119222	1119266	1361.1	432.0	960.0	520.3	9.06	286
626.024	0.194	R	1119738	1119930	937.5	526.1	935.3	537.1	0.26	1996
626.012	0.222	L	1119726	1119946	952.0	588.4	926.3	596.9	0.62	1966
627.13	0.022	L	1120844	1120864	1087.3	596.7	928.9	593.7	3.54	254
627.822	0.15	R	1121536	1121684	930.3	525.3	1021.4	720.6	4.88	1304
628.014	1.488	R	1121728	1123214	990.6	674.2	220.3	389.6	18.31	1036
627.234	2.4	L	1120948	1123346	844.8	617.4	1053.9	953.4	9.07	1186
629.53	0.104	R	1123244	1123346	967.9	530.1	976.7	523.4	0.25	38
629.924	0.046	L	1123638	1123682	1056.4	974.2	1095.8	987.5	0.95	247
631.68	0.048	R	1125394	1125440	1002.8	571.5	1571.6	530.9	12.39	448
631.678	0.054	L	1125392	1125444	1125.5	970.4	1565.7	670.3	11.74	368
631.872	0.102	R	1125586	1125686	1550.4	553.1	547.4	477.4	22.09	440
631.78	0.268	L	1125494	1125760	1532.0	623.2	437.7	472.6	24.43	1907
632.124	0.182	L	1125838	1126018	440.1	459.0	1397.6	190.5	22.71	1154
632.348	0.022	R	1126062	1126082	520.9	446.6	460.0	423.3	1.44	99
632.368	0.112	L	1126082	1126192	1463.7	214.4	1461.4	214.2	0.05	20
632.542	0.036	L	1126256	1126290	1162.0	318.1	1158.0	319.6	0.10	49
632.668	0.026	L	1126382	1126406	961.5	403.6	457.9	465.9	11.71	1041
632.898	0.026	L	1126612	1126636	392.3	448.3	552.3	515.9	3.99	303
633.322	0.048	R	1127036	1127082	446.3	396.7	953.4	498.4	11.79	388
633.322	0.05	L	1127036	1127084	407.6	454.0	896.6	547.5	11.35	359
633.534	0.018	L	1127248	1127264	918.8	567.9	941.3	592.1	0.76	64
633.532	0.02	R	1127246	1127264	957.8	512.0	977.9	551.1	1.01	76
633.728	0.25	R	1127442	1127690	964.4	527.1	981.2	587.0	1.42	3270
633.716	0.264	L	1127430	1127692	936.8	592.6	1081.1	970.6	9.26	1400
634.116	0.016	R	1127830	1127844	961.3	524.4	991.5	532.8	0.71	63
635.466	0.27	R	1129180	1129448	952.9	531.5	970.8	570.8	0.98	1498
635.45	0.32	L	1129164	1129482	915.7	581.9	1072.2	822.5	6.49	1638
639.392	0.032	R	1133106	1133136	979.7	540.9	1242.6	527.7	5.80	302
639.394	0.034	L	1133108	1133140	928.2	591.6	1175.3	569.1	5.47	258
639.552	0.02	L	1133266	1133284	1191.2	579.5	1241.5	585.6	1.09	86
639.552	0.02	R	1133266	1133284	1246.3	541.4	1292.5	549.0	1.01	85
640.364	0.022	R	1134078	1134098	1252.8	533.8	1462.9	942.2	9.46	684
640.35	0.038	L	1134064	1134100	1244.7	583.2	885.3	2144.4	33.01	1869
640.582	0.022	R	1134296	1134316	1303.9	664.5	1262.4	539.9	2.92	188
640.924	0.032	L	1134638	1134668	1246.0	587.4	958.3	580.1	6.30	341
640.924	0.036	R	1134638	1134672	1276.5	542.4	992.8	519.9	6.24	290
643.086	0.056	L	1136800	1136854	951.9	587.7	422.5	592.2	11.83	344
643.088	0.054	R	1136802	1136854	953.1	518.5	473.7	522.2	10.71	286
643.26	0.028	L	1136974	1137000	422.6	593.8	306.9	581.8	2.59	158
643.262	0.026	R	1136976	1137000	448.3	524.0	341.2	518.9	2.39	143
644.434	0.176	R	1138148	1138322	325.1	515.0	504.5	498.2	4.02	1301
644.426	0.2	L	1138140	1138338	312.3	583.2	479.9	572.9	3.74	1374
644.724	0.042	R	1138438	1138478	499.9	497.9	946.8	503.3	10.02	415
644.724	0.046	L	1138438	1138482	489.5	575.4	931.4	582.8	9.91	354
650.686	0.042	R	1144400	1144440	970.9	523.0	1278.0	361.8	7.68	298
650.686	0.044	L	1144400	1144442	935.0	586.8	1211.6	410.3	7.27	245
650.844	0.062	L	1144558	1144618	1223.3	405.0	417.3	482.4	17.84	511
650.846	0.062	R	1144560	1144620	1260.0	360.8	477.4	420.8	17.29	420
651.022	0.026	L	1144736	1144760	418.5	488.9	289.4	573.1	3.46	214
651.022	0.028	R	1144736	1144762	464.7	420.8	334.9	512.7	3.57	205
652.222	0.056	R	1145936	1145990	337.1	516.6	881.0	489.4	12.18	309
652.222	0.058	L	1145936	1145992	305.9	589.7	858.4	577.0	12.36	314
652.448	0.024	L	1146162	1146184	860.8	579.8	952.9	593.1	2.09	144
652.448	0.024	R	1146162	1146184	878.4	497.1	970.3	514.6	2.11	147
652.902	0.204	R	1146616	1146818	950.9	507.1	978.1	528.3	0.78	1296
652.896	0.25	L	1146610	1146858	941.5	608.4	963.9	641.1	0.90	1722
653.344	0.198	R	1147058	1147254	965.7	521.0	980.7	515.5	0.36	1345
653.338	0.244	L	1147052	1147294	953.6	599.6	954.2	588.8	0.25	1732
654.594	0.05	L	1148308	1148356	935.8	581.7	530.1	518.5	9.32	333
654.594	0.05	R	1148308	1148356	969.0	534.7	594.2	457.5	8.69	286
654.92	0.022	L	1148634	1148654	524.7	512.7	471.3	498.9	1.25	86
654.92	0.022	R	1148634	1148654	574.7	460.6	523.3	448.5	1.20	80
655.276	0.024	L	1148990	1149012	462.1	500.9	392.0	505.1	1.59	102
655.276	0.024	R	1148990	1149012	512.9	452.5	423.7	450.1	2.01	126
655.826	0.024	L	1149540	1149562	393.0	496.5	305.1	483.3	1.99	131
655.826	0.024	R	1149540	1149562	414.6	442.9	342.3	431.6	1.64	105
656.152	0.05	R	1149866	1149914	332.6	429.8	911.9	507.2	13.17	441
656.152	0.052	L	1149866	1149916	311.2	486.4	880.9	575.3	12.99	396
656.358	0.02	L	1150072	1150090	896.0	569.5	955.0	581.7	1.37	104
656.356	0.022	R	1150070	1150090	906.0	507.6	965.0	525.0	1.40	104
656.56	0.164	R	1150274	1150436	954.9	517.0	973.9	536.5	0.62	1057
656.558	0.196	L	1150272	1150466	942.4	602.3	994.1	649.4	1.59	1292
659.222	0.126	L	1152936	1153060	953.1	584.7	678.2	594.2	6.28	462
659.222	0.126	R	1152936	1153060	975.4	544.0	702.2	506.9	6.30	253
659.434	0.034	R	1153148	1153180	683.5	482.0	942.8	495.7	5.93	308
659.438	0.032	L	1153152	1153182	671.1	540.9	921.5	531.8	5.72	287
659.64	0.02	L	1153354	1153372	919.8	546.2	957.2	578.9	1.14	90
659.638	0.022	R	1153352	1153372	938.6	492.8	973.8	533.6	1.23	92
662.118	0.05	L	1155832	1155880	947.0	591.2	476.7	450.8	11.19	337
662.118	0.052	R	1155832	1155882	970.3	542.0	556.0	378.3	10.16	304
662.302	0.042	L	1156016	1156056	471.5	421.4	61.3	364.1	9.18	393
662.304	0.042	R	1156018	1156058	510.4	358.2	130.6	309.3	8.48	337
662.64	0.026	R	1156354	1156378	115.9	303.5	66.8	209.5	2.32	135
662.64	0.028	L	1156354	1156380	64.2	348.7	15.3	246.2	2.48	135
662.868	0.028	L	1156582	1156608	21.1	238.3	5.8	79.0	3.44	210
662.87	0.026	R	1156584	1156608	59.3	200.4	56.7	74.8	2.70	169
663.07	0.072	L	1156784	1156854	10.6	96.1	1373.4	556.2	30.27	595
663.072	0.07	R	1156786	1156854	56.0	78.9	1594.4	703.0	35.02	748
663.432	0.032	L	1157146	1157176	1568.8	96.5	1513.6	277.4	3.99	227
663.434	0.03	R	1157148	1157176	1642.3	110.3	1580.0	269.6	3.60	192
664.114	0.202	L	1157828	1158028	1505.4	306.6	1485.3	345.8	0.95	1434
664.11	0.228	R	1157824	1158050	1563.6	271.1	1528.7	314.4	1.18	946
664.436	0.044	L	1158150	1158192	1470.6	330.3	950.3	563.9	12.44	531
664.438	0.044	R	1158152	1158194	1521.5	323.1	1005.4	527.4	12.09	441
664.68	0.018	L	1158394	1158410	954.8	583.9	922.2	589.6	0.75	66
664.68	0.018	R	1158394	1158410	992.4	543.1	960.8	551.1	0.74	62
665.36	0.164	R	1159074	1159236	977.8	539.3	996.3	544.7	0.44	1226
665.356	0.186	L	1159070	1159254	957.3	591.9	962.0	587.9	0.14	1743
665.842	0.046	L	1159556	1159600	945.5	587.3	460.5	576.2	11.08	439
665.844	0.046	R	1159558	1159602	983.5	542.4	532.8	530.0	10.29	367
666.034	0.07	R	1159748	1159816	512.8	529.3	1592.2	422.2	23.49	592
666.034	0.072	L	1159748	1159818	464.9	575.4	1521.9	444.3	23.07	488
666.544	0.028	L	1160258	1160284	1530.0	478.9	1368.3	480.0	3.39	203
666.544	0.028	R	1160258	1160284	1564.0	451.1	1415.0	449.7	3.12	184
667.454	0.044	L	1161168	1161210	1359.8	468.1	949.4	568.4	9.32	386
667.454	0.046	R	1161168	1161212	1404.2	445.3	1003.9	531.3	9.03	323
667.72	0.116	R	1161434	1161548	990.3	533.6	995.2	588.0	1.26	552
667.86	0.24	R	1161574	1161812	991.6	577.4	972.8	557.9	0.62	1168
667.704	0.442	L	1161418	1161858	954.4	575.9	916.8	595.3	0.97	1722
668.288	0.018	L	1162002	1162018	906.4	572.1	945.3	575.0	0.89	71
668.29	0.016	R	1162004	1162018	969.3	539.7	999.5	548.7	0.72	63
669.536	0.05	R	1163250	1163298	990.6	551.8	1588.2	525.7	12.99	459
669.538	0.05	L	1163252	1163300	943.7	589.7	1520.9	567.1	12.54	385
669.7	0.058	L	1163414	1163470	1526.0	569.4	874.8	527.1	14.20	504
669.702	0.056	R	1163416	1163470	1565.0	535.2	942.2	484.0	13.60	391
669.81	0.034	L	1163524	1163556	867.5	528.8	565.7	528.6	6.92	365
669.81	0.036	R	1163524	1163558	915.8	483.8	633.0	468.2	6.50	312
670.086	0.05	R	1163800	1163848	617.4	467.5	327.4	447.6	6.60	172
670.084	0.054	L	1163798	1163850	559.5	529.9	235.5	513.3	7.37	195
671.186	0.192	R	1164900	1165090	297.2	440.0	17.9	434.2	6.16	891
671.172	0.25	L	1164886	1165134	239.8	494.6	-46.1	457.0	6.29	1398
671.576	0.038	L	1165290	1165326	-48.0	444.3	171.3	452.9	4.76	180
671.578	0.036	R	1165292	1165326	28.6	423.9	252.9	405.1	4.89	196
671.772	0.054	L	1165486	1165538	189.2	454.1	910.3	580.9	16.48	491
671.772	0.054	R	1165486	1165538	268.0	401.2	987.9	535.1	16.48	538
672.542	0.176	R	1166256	1166430	983.6	544.2	990.0	569.2	0.59	1234
672.53	0.256	L	1166244	1166498	961.8	605.3	965.1	622.9	0.41	1789
673.356	0.052	R	1167070	1167120	985.4	548.6	1435.7	509.8	9.98	320
673.358	0.054	L	1167072	1167124	966.0	601.1	1397.4	546.7	9.60	259
673.836	0.028	R	1167550	1167576	1436.0	521.9	1612.9	558.5	3.79	218
673.836	0.03	L	1167550	1167578	1394.6	557.9	1586.9	597.9	4.12	212
674.39	0.02	L	1168104	1168122	1567.3	604.3	1598.4	642.4	1.05	79
674.39	0.02	R	1168104	1168122	1618.2	573.7	1643.8	620.2	1.15	84
675.13	0.056	L	1168844	1168898	1621.9	642.2	979.1	593.9	13.88	408
675.13	0.058	R	1168844	1168900	1632.4	596.7	1004.4	546.6	13.57	355
675.596	0.216	R	1169310	1169524	962.1	540.0	947.8	557.0	0.51	893
675.59	0.276	L	1169304	1169578	968.5	597.8	935.9	593.6	0.75	1613
675.98	0.016	R	1169694	1169708	929.6	520.5	958.5	519.1	0.66	59
680.9	0.056	L	1174614	1174668	950.2	567.9	344.3	593.4	13.83	398
680.9	0.058	R	1174614	1174670	965.0	542.3	392.4	563.5	13.07	324
681.078	0.016	L	1174792	1174806	338.0	592.8	314.5	574.3	0.68	58
682.39	0.052	R	1176104	1176154	348.2	524.2	920.4	492.7	13.08	417
682.39	0.054	L	1176104	1176156	319.3	575.4	886.2	550.5	12.96	352
682.578	0.02	R	1176292	1176310	920.2	504.5	977.1	527.5	1.41	111
682.576	0.024	L	1176290	1176312	902.3	554.5	962.7	581.7	1.52	111
682.788	0.172	R	1176502	1176672	962.6	526.1	988.4	582.8	1.43	1118
682.78	0.252	L	1176494	1176744	959.4	597.1	982.2	665.9	1.68	1707
688.642	0.036	L	1182356	1182390	957.9	595.8	1217.7	558.3	5.92	258
688.642	0.082	R	1182356	1182436	948.9	520.8	1289.2	644.1	8.16	297
688.748	0.04	R	1182462	1182500	1308.5	680.7	1247.0	505.7	4.22	214
688.876	0.016	R	1182590	1182604	1243.4	500.8	1263.3	524.9	0.70	64
690.084	0.038	L	1183798	1183834	1267.0	584.4	985.0	593.7	6.33	291
690.086	0.04	R	1183800	1183838	1246.0	519.2	972.7	516.0	6.14	241
692.282	0.048	R	1185996	1186042	932.5	499.3	1475.5	475.9	11.95	430
692.284	0.048	L	1185998	1186044	962.1	588.5	1471.2	549.5	11.22	376
692.424	0.07	R	1186138	1186206	1454.4	490.2	658.2	411.9	17.69	393
692.424	0.094	L	1186138	1186230	1471.3	551.0	616.3	495.9	18.92	512
693.184	0.03	R	1186898	1186926	625.9	399.2	793.2	361.1	3.95	241
693.186	0.028	L	1186900	1186926	622.6	474.0	789.5	435.3	3.95	229
693.954	0.15	R	1187668	1187816	809.6	365.2	805.1	380.7	0.37	463
693.946	0.178	L	1187660	1187836	812.5	445.5	802.4	457.6	0.36	919
695.064	0.154	R	1188778	1188930	798.7	360.2	948.2	508.5	4.86	1001
695.058	0.176	L	1188772	1188946	809.6	441.8	944.9	582.7	4.51	1395
695.83	0.028	L	1189544	1189570	951.9	585.4	841.4	508.1	3.11	164
695.83	0.028	R	1189544	1189570	930.0	510.2	845.5	430.1	2.69	138
696.104	0.044	R	1189818	1189860	827.9	428.5	1250.0	511.5	9.71	375
696.104	0.046	L	1189818	1189862	838.6	505.5	1251.4	582.3	9.47	344
696.854	0.106	L	1190568	1190672	1242.9	591.8	343.7	1079.0	23.01	1553
696.858	0.102	R	1190572	1190672	1233.7	520.8	281.6	597.5	21.37	2723
697.224	0.028	R	1190938	1190964	201.2	264.6	72.0	180.3	3.38	180
697.222	0.032	L	1190936	1190966	181.2	327.8	30.8	222.9	4.02	206
697.498	0.026	L	1191212	1191236	26.9	202.1	2.0	118.6	1.88	107
697.502	0.022	R	1191216	1191236	47.0	161.6	25.9	104.0	1.32	86
697.98	0.158	R	1191694	1191850	68.7	83.3	947.9	494.9	21.55	1174
697.968	0.196	L	1191682	1191876	29.3	88.5	916.6	537.4	22.00	907
698.306	0.022	L	1192020	1192040	922.3	534.0	942.4	584.6	1.27	91
698.306	0.022	R	1192020	1192040	947.6	481.1	958.0	545.1	1.51	109
703.66	0.146	R	1197374	1197518	953.0	511.0	749.4	595.3	5.07	739
703.652	0.234	L	1197366	1197598	951.8	615.2	743.5	681.4	5.07	768
703.91	0.022	R	1197624	1197644	712.1	518.6	643.9	517.5	1.59	109
705.14	0.032	R	1198854	1198884	633.6	500.8	864.1	488.5	5.36	267
705.14	0.034	L	1198854	1198886	649.3	603.3	866.9	582.7	5.07	233
705.33	0.022	R	1199044	1199064	877.1	496.1	933.0	516.5	1.38	103
705.33	0.022	L	1199044	1199064	883.4	582.5	942.4	603.5	1.45	111
711.304	0.016	R	1205018	1205032	937.3	530.9	942.2	560.9	0.71	60
711.498	0.136	R	1205212	1205346	948.4	536.8	1602.0	532.4	14.19	738
711.498	0.138	L	1205212	1205348	958.0	615.8	1648.9	656.5	15.03	2198
713.114	0.316	L	1206828	1207142	1609.8	592.6	947.7	669.5	14.58	1175
713.118	0.318	R	1206832	1207148	1586.3	527.2	941.1	596.1	14.19	847
713.924	0.294	R	1207638	1207930	947.4	577.1	967.9	625.6	1.24	1105
713.92	0.304	L	1207634	1207936	966.5	613.4	995.5	674.1	1.58	1356
715.172	0.052	L	1208886	1208936	969.7	618.5	1320.9	541.7	8.13	232
715.172	0.054	R	1208886	1208938	950.9	537.0	1338.2	473.7	8.86	267
715.496	0.048	L	1209210	1209256	1331.0	520.8	949.9	607.8	8.81	331
715.496	0.048	R	1209210	1209256	1326.5	451.0	948.6	530.1	8.70	282
716.294	0.028	R	1210008	1210034	948.5	528.7	1087.9	508.2	3.24	205
716.294	0.028	L	1210008	1210034	946.3	607.7	1078.0	583.9	3.08	178
716.788	0.028	R	1210502	1210528	1085.6	518.2	1238.6	490.7	3.52	206
716.79	0.028	L	1210504	1210530	1065.8	597.8	1206.1	570.9	3.23	185
717.308	0.036	L	1211022	1211056	1224.7	576.3	975.5	625.8	5.77	279
717.308	0.038	R	1211022	1211058	1238.6	500.7	991.6	551.3	5.74	256
718.194	0.018	R	1211908	1211924	971.4	553.7	1008.8	554.1	0.86	67
719.07	0.03	R	1212784	1212812	1021.5	624.1	1292.0	625.4	6.04	345
719.068	0.036	L	1212782	1212816	972.0	520.6	1239.4	512.3	5.97	289
719.354	0.046	L	1213068	1213112	1244.7	525.6	896.0	443.6	8.03	308
719.356	0.044	R	1213070	1213112	1291.0	635.6	968.8	549.8	7.48	264
719.64	0.028	L	1213354	1213380	884.2	444.3	775.6	383.9	2.83	172
719.642	0.026	R	1213356	1213380	941.0	551.1	845.5	481.8	2.69	158
719.802	0.066	L	1213516	1213580	765.7	373.5	92.3	290.2	14.87	304
719.802	0.068	R	1213516	1213582	836.0	473.3	219.7	419.6	13.55	261
720.668	0.016	L	1214382	1214396	-0.5	301.7	31.0	299.3	0.66	56
720.668	0.016	R	1214382	1214396	103.4	430.8	135.2	426.1	0.67	58
721.334	0.026	R	1215048	1215072	112.7	403.7	89.6	310.7	2.07	110
721.336	0.026	L	1215050	1215074	32.5	274.5	-0.4	178.2	2.19	128
721.706	0.148	R	1215420	1215566	84.8	293.1	946.1	508.6	19.17	499
721.698	0.2	L	1215412	1215610	20.1	173.5	897.1	410.9	19.72	662
721.954	0.022	R	1215668	1215688	936.7	543.0	1019.0	586.1	2.12	159
721.956	0.022	L	1215670	1215690	894.8	439.2	959.6	483.8	1.80	143
722.202	0.144	R	1215916	1216058	1006.5	595.4	1015.7	570.8	0.60	895
722.202	0.192	L	1215916	1216106	960.6	477.9	949.3	456.3	0.56	1356
722.484	0.022	L	1216198	1216218	951.0	483.0	972.2	546.9	1.55	98
722.578	0.188	R	1216292	1216478	1017.5	556.7	1030.4	565.9	0.36	1210
722.564	0.246	L	1216278	1216522	982.4	618.4	969.7	482.0	3.16	1607
726.844	0.048	R	1220558	1220604	1003.2	587.4	1483.2	577.8	10.73	367
726.846	0.108	L	1220560	1220666	983.2	521.6	1453.5	567.6	10.54	301
727.428	0.032	R	1221142	1221172	1485.5	667.8	1686.8	666.9	4.28	214
727.43	0.032	L	1221144	1221174	1452.1	580.6	1655.6	575.4	4.32	200
728.754	0.294	R	1222468	1222760	1943.1	673.3	1782.3	525.7	4.51	493
728.79	0.284	L	1222504	1222786	1918.7	583.3	1740.8	541.6	3.65	1220
729.182	0.086	R	1222896	1222980	1769.4	506.4	1064.1	669.2	15.36	561
729.288	0.022	R	1223002	1223022	1035.4	653.3	1062.3	558.2	2.26	131
729.182	0.188	L	1222896	1223082	1727.8	533.5	1006.0	523.3	15.57	2723
729.514	0.016	L	1223228	1223242	985.2	494.3	952.4	501.2	0.77	71
729.514	0.016	R	1223228	1223242	1033.9	596.5	1005.4	610.0	0.72	64
730.976	0.258	R	1224690	1224946	1003.7	594.3	1024.1	598.9	0.48	1217
730.976	0.314	L	1224690	1225002	970.5	521.3	1012.0	635.8	2.84	1113
732.944	0.032	R	1226658	1226688	1021.5	642.1	1239.5	646.9	4.97	257
732.944	0.034	L	1226658	1226690	972.2	545.4	1189.8	542.6	4.96	227
733.192	0.032	L	1226906	1226936	1200.8	548.2	972.1	537.0	5.22	271
733.194	0.032	R	1226908	1226938	1236.0	637.3	1032.5	626.3	4.65	225
734.562	0.068	R	1228276	1228342	1003.1	615.4	574.1	501.7	10.19	238
734.56	0.132	L	1228274	1228404	962.0	545.2	493.1	447.6	10.97	697
734.822	0.058	L	1228536	1228592	470.0	448.4	19.4	394.8	9.92	258
734.824	0.058	R	1228538	1228594	544.8	540.1	125.6	508.6	9.19	213
735.63	0.018	L	1229344	1229360	32.9	394.5	-8.2	389.3	0.87	69
736.328	0.182	R	1230042	1230222	106.1	465.0	1019.8	570.7	20.16	1171
736.318	0.25	L	1230032	1230280	33.2	376.3	970.8	571.9	21.03	1607
736.68	0.14	R	1230394	1230532	1005.7	572.4	1015.4	564.2	0.29	1250
736.668	0.194	L	1230382	1230574	966.0	546.7	971.6	543.6	0.15	1846
738.3	0.036	L	1232014	1232048	947.3	545.1	686.3	528.3	6.03	281
738.3	0.11	R	1232014	1232122	998.0	623.3	783.1	627.5	4.96	1624
738.504	0.2	L	1232218	1232416	678.4	501.2	639.0	514.2	0.96	1145
739.006	0.114	L	1232720	1232832	639.8	462.1	.	.	2.9e+006	1120
738.508	0.612	R	1232222	1232832	790.4	670.9	.	.	2.9e+006	1203
